========================================
Alyn SA-MP Mobile Log
Started: 2026-08-22 23:26:59
Package: ro.alynsampmobile.launcher
Device: samsung SM-A715F
Android: 13 (API 33)
ABI: arm64-v8a
========================================
--------- beginning of main
08-22 23:14:12.211  3796  3931 I ReactNativeJS: Running "ReactLauncher"
08-22 23:14:13.619  3796  3932 I GameLauncher: Device Info - Android ID: aed2dfb3925c7a97
08-22 23:14:13.619  3796  3932 I GameLauncher: Device Info - Model: SM-A715F
08-22 23:14:13.619  3796  3932 I GameLauncher: Device Info - Board: sm6150
08-22 23:14:13.619  3796  3932 I GameLauncher: Device Info - Android ID: aed2dfb3925c7a97, Model: SM-A715F, Board: sm6150
08-22 23:14:13.624  3796  3932 I GameLauncher: Device Info - Android ID: aed2dfb3925c7a97
08-22 23:14:13.624  3796  3932 I GameLauncher: Device Info - Model: SM-A715F
08-22 23:14:13.624  3796  3932 I GameLauncher: Device Info - Board: sm6150
08-22 23:14:13.625  3796  3932 I GameLauncher: Device Info - Android ID: aed2dfb3925c7a97, Model: SM-A715F, Board: sm6150
08-22 23:14:13.626  3796  3932 I GameLauncher: Device Info - Android ID: aed2dfb3925c7a97
08-22 23:14:13.626  3796  3932 I GameLauncher: Device Info - Model: SM-A715F
08-22 23:14:13.626  3796  3932 I GameLauncher: Device Info - Board: sm6150
08-22 23:14:13.627  3796  3932 I GameLauncher: Device Info - Android ID: aed2dfb3925c7a97, Model: SM-A715F, Board: sm6150
08-22 23:14:15.303  3796  3931 I ReactNativeJS: Audio permission granted
08-22 23:14:15.307  3796  3932 I GameLauncher: Checking for crash: false (file: /storage/emulated/0/Android/data/ro.alynsampmobile.launcher/files/.crash_occurred)
08-22 23:14:15.543  3796  3931 W ReactNativeJS: InteractionManager has been deprecated and will be removed in a future release. Please refactor long tasks into smaller ones, and  use 'requestIdleCallback' instead.
08-22 23:14:15.770  3796  3931 I ReactNativeJS: 'Service status:', true, 'verified:', true
08-22 23:14:16.035  3796  3931 I ReactNativeJS: 'API initialized successfully', { appStatus: true, appVersion: '20.6.8' }
08-22 23:14:16.394  3796  3931 I ReactNativeJS: App initialized successfully
08-22 23:14:16.851  3796  3931 I ReactNativeJS: [AdsService] Initialized successfully (AppLovin)
08-22 23:14:17.081  3796  3931 I ReactNativeJS: === checkUpdate() CALLED ===
08-22 23:14:17.081  3796  3931 I ReactNativeJS: Checking for updates...
08-22 23:14:17.083  3796  3931 I ReactNativeJS: 'Service status:', true, 'verified:', true
08-22 23:14:17.083  3796  3931 I ReactNativeJS: Service is open, checking for updates...
08-22 23:14:17.083  3796  3931 I ReactNativeJS: Server game version: 20.6.8, Local: 20.6.8
08-22 23:14:17.083  3796  3931 I ReactNativeJS: Checking game files...
08-22 23:14:17.084  3796  3931 I ReactNativeJS: === getFilesToUpdate() CALLED ===
08-22 23:14:17.125  3796  3931 I ReactNativeJS: 'Modify mode:', false
08-22 23:14:17.125  3796  3931 I ReactNativeJS: 'Fetching file list from:', 'https://alynsampmobile.pro/api/game-files'
08-22 23:14:18.086  3796  3931 I ReactNativeJS: Server has 283 files to check
08-22 23:14:18.086  3796  3931 I ReactNativeJS: 'gameFilesPath:', '/storage/emulated/0/Android/data/ro.alynsampmobile.launcher/files'
08-22 23:14:18.088  3796  3931 I ReactNativeJS: Missing file: SAMP/SAMP.ide
08-22 23:14:18.089  3796  3931 I ReactNativeJS: Missing file: SAMP/TIMECYC.DAT
08-22 23:14:18.090  3796  3931 I ReactNativeJS: Missing file: SAMP/WEAPON.dat
08-22 23:14:18.091  3796  3931 I ReactNativeJS: Missing file: SAMP/alyn_logo.png
08-22 23:14:18.092  3796  3931 I ReactNativeJS: Missing file: SAMP/blockpunch.png
08-22 23:14:18.092  3796  3931 I ReactNativeJS: Missing file: SAMP/blockpunch_hover.png
08-22 23:14:18.093  3796  3931 I ReactNativeJS: Missing file: SAMP/gta.dat
08-22 23:14:18.094  3796  3931 I ReactNativeJS: Missing file: SAMP/handling.cfg
08-22 23:14:18.095  3796  3931 I ReactNativeJS: Missing file: SAMP/main.scm
08-22 23:14:18.095  3796  3931 I ReactNativeJS: Missing file: SAMP/peds.ide
08-22 23:14:18.096  3796  3931 I ReactNativeJS: Missing file: SAMP/script.img
08-22 23:14:18.097  3796  3931 I ReactNativeJS: Missing file: SAMP/tracks2.dat
08-22 23:14:18.097  3796  3931 I ReactNativeJS: Missing file: SAMP/tracks4.dat
08-22 23:14:18.098  3796  3931 I ReactNativeJS: Missing file: SAMP/vehicles.ide
08-22 23:14:18.098  3796  3931 I ReactNativeJS: Missing file: anim/anim.img
08-22 23:14:18.099  3796  3931 I ReactNativeJS: Missing file: anim/cuts.img
08-22 23:14:18.100  3796  3931 I ReactNativeJS: Missing file: anim/ped.ifp
08-22 23:14:18.100  3796  3931 I ReactNativeJS: Missing file: audio/CONFIG/AudioEventHistory.txt
08-22 23:14:18.101  3796  3931 I ReactNativeJS: Missing file: audio/CONFIG/BankLkup.dat
08-22 23:14:18.102  3796  3931 I ReactNativeJS: Missing file: audio/CONFIG/BankSlot.dat
08-22 23:14:18.103  3796  3931 I ReactNativeJS: Missing file: audio/CONFIG/EventVol.dat
08-22 23:14:18.104  3796  3931 I ReactNativeJS: Missing file: audio/CONFIG/PakFiles.dat
08-22 23:14:18.105  3796  3931 I ReactNativeJS: Missing file: audio/CONFIG/SOUNDINF.DAT
08-22 23:14:18.106  3796  3931 I ReactNativeJS: Missing file: audio/CONFIG/StrmPaks.dat
08-22 23:14:18.107  3796  3931 I ReactNativeJS: Missing file: audio/CONFIG/TRKHEAD.DAT
08-22 23:14:18.108  3796  3931 I ReactNativeJS: Missing file: audio/CONFIG/TrakLkup.dat
08-22 23:14:18.109  3796  3931 I ReactNativeJS: Missing file: audio/SFX/FEET.osw
08-22 23:14:18.110  3796  3931 I ReactNativeJS: Missing file: audio/SFX/FEET.osw.idx
08-22 23:14:18.111  3796  3931 I ReactNativeJS: Missing file: audio/SFX/GENRL.osw
08-22 23:14:18.111  3796  3931 I ReactNativeJS: Missing file: audio/SFX/GENRL.osw.idx
08-22 23:14:18.112  3796  3931 I ReactNativeJS: Missing file: audio/SFX/PAIN_A.osw
08-22 23:14:18.113  3796  3931 I ReactNativeJS: Missing file: audio/SFX/PAIN_A.osw.idx
08-22 23:14:18.114  3796  3931 I ReactNativeJS: Missing file: audio/STREAMS/AA.osw
08-22 23:14:18.114  3796  3931 I ReactNativeJS: Missing file: audio/STREAMS/AA.osw.idx
08-22 23:14:18.115  3796  3931 I ReactNativeJS: Missing file: audio/STREAMS/ADVERTS.osw
08-22 23:14:18.115  3796  3931 I ReactNativeJS: Missing file: audio/STREAMS/ADVERTS.osw.idx
08-22 23:14:18.116  3796  3931 I ReactNativeJS: Missing file: audio/STREAMS/AMBIENCE.osw
08-22 23:14:18.117  3796  3931 I ReactNativeJS: Missing file: audio/STREAMS/AMBIENCE.osw.idx
08-22 23:14:18.117  3796  3931 I ReactNativeJS: Missing file: audio/STREAMS/BEATS.osw
08-22 23:14:18.118  3796  3931 I ReactNativeJS: Missing file: audio/STREAMS/BEATS.osw.idx
08-22 23:14:18.119  3796  3931 I ReactNativeJS: Missing file: audio/STREAMS/CH.osw
08-22 23:14:18.124  3796  3931 I ReactNativeJS: Missing file: audio/STREAMS/CH.osw.idx
08-22 23:14:18.125  3796  3931 I ReactNativeJS: Missing file: audio/STREAMS/CO.osw
08-22 23:14:18.126  3796  3931 I ReactNativeJS: Missing file: audio/STREAMS/CO.osw.idx
08-22 23:14:18.126  3796  3931 I ReactNativeJS: Missing file: audio/STREAMS/CR.osw
08-22 23:14:18.127  3796  3931 I ReactNativeJS: Missing file: audio/STREAMS/CR.osw.idx
08-22 23:14:18.128  3796  3931 I ReactNativeJS: Missing file: audio/STREAMS/CUTSCENE.osw
08-22 23:14:18.128  3796  3931 I ReactNativeJS: Missing file: audio/STREAMS/CUTSCENE.osw.idx
08-22 23:14:18.129  3796  3931 I ReactNativeJS: Missing file: audio/STREAMS/DS.osw
08-22 23:14:18.130  3796  3931 I ReactNativeJS: Missing file: audio/STREAMS/DS.osw.idx
08-22 23:14:18.130  3796  3931 I ReactNativeJS: Missing file: audio/STREAMS/HC.osw
08-22 23:14:18.131  3796  3931 I ReactNativeJS: Missing file: audio/STREAMS/HC.osw.idx
08-22 23:14:18.132  3796  3931 I ReactNativeJS: Missing file: audio/STREAMS/MH.osw
08-22 23:14:18.133  3796  3931 I ReactNativeJS: Missing file: audio/STREAMS/MH.osw.idx
08-22 23:14:18.133  3796  3931 I ReactNativeJS: Missing file: audio/STREAMS/MR.osw
08-22 23:14:18.134  3796  3931 I ReactNativeJS: Missing file: audio/STREAMS/MR.osw.idx
08-22 23:14:18.135  3796  3931 I ReactNativeJS: Missing file: audio/STREAMS/NJ.osw
08-22 23:14:18.137  3796  3931 I ReactNativeJS: Missing file: audio/STREAMS/NJ.osw.idx
08-22 23:14:18.138  3796  3931 I ReactNativeJS: Missing file: audio/STREAMS/RE.osw
08-22 23:14:18.139  3796  3931 I ReactNativeJS: Missing file: audio/STREAMS/RE.osw.idx
08-22 23:14:18.141  3796  3931 I ReactNativeJS: Missing file: audio/STREAMS/RG.osw
08-22 23:14:18.142  3796  3931 I ReactNativeJS: Missing file: audio/STREAMS/RG.osw.idx
08-22 23:14:18.143  3796  3931 I ReactNativeJS: Missing file: audio/STREAMS/TK.osw
08-22 23:14:18.144  3796  3931 I ReactNativeJS: Missing file: audio/STREAMS/TK.osw.idx
08-22 23:14:18.145  3796  3931 I ReactNativeJS: Missing file: data/360Default1280x720.cfg
08-22 23:14:18.146  3796  3931 I ReactNativeJS: Missing file: data/360Default960x720.cfg
08-22 23:14:18.146  3796  3931 I ReactNativeJS: Missing file: data/Decision/Allowed/Cop.ped
08-22 23:14:18.147  3796  3931 I ReactNativeJS: Missing file: data/Decision/Allowed/Fireman.ped
08-22 23:14:18.148  3796  3931 I ReactNativeJS: Missing file: data/Decision/Allowed/GangMbr.ped
08-22 23:14:18.148  3796  3931 I ReactNativeJS: Missing file: data/Decision/Allowed/Indoors.ped
08-22 23:14:18.149  3796  3931 I ReactNativeJS: Missing file: data/Decision/Allowed/MISSION.grp
08-22 23:14:18.150  3796  3931 I ReactNativeJS: Missing file: data/Decision/Allowed/RANDOM.grp
08-22 23:14:18.151  3796  3931 I ReactNativeJS: Missing file: data/Decision/Allowed/RANDOM.ped
08-22 23:14:18.152  3796  3931 I ReactNativeJS: Missing file: data/Decision/Allowed/RANDOM2.grp
08-22 23:14:18.153  3796  3931 I ReactNativeJS: Missing file: data/Decision/Allowed/R_Norm.ped
08-22 23:14:18.157  3796  3931 I ReactNativeJS: Missing file: data/Decision/Allowed/R_Tough.ped
08-22 23:14:18.159  3796  3931 I ReactNativeJS: Missing file: data/Decision/Allowed/R_Weak.ped
08-22 23:14:18.160  3796  3931 I ReactNativeJS: Missing file: data/Decision/Allowed/m_empty.ped
08-22 23:14:18.161  3796  3931 I ReactNativeJS: Missing file: data/Decision/Allowed/m_norm.ped
08-22 23:14:18.162  3796  3931 I ReactNativeJS: Missing file: data/Decision/Allowed/m_plyr.ped
08-22 23:14:18.163  3796  3931 I ReactNativeJS: Missing file: data/Decision/Allowed/m_steal.ped
08-22 23:14:18.164  3796  3931 I ReactNativeJS: Missing file: data/Decision/Allowed/m_tough.ped
08-22 23:14:18.164  3796  3931 I ReactNativeJS: Missing file: data/Decision/Allowed/m_weak.ped
08-22 23:14:18.165  3796  3931 I ReactNativeJS: Missing file: data/Decision/PedEvent.txt
08-22 23:14:18.166  3796  3931 I ReactNativeJS: Missing file: data/ShopUVs.dat
08-22 23:14:18.167  3796  3931 I ReactNativeJS: Missing file: data/TouchDefaultPhone3x2.cfg
08-22 23:14:18.168  3796  3931 I ReactNativeJS: Missing file: data/TouchDefaultPhoneWidescreen.cfg
08-22 23:14:18.169  3796  3931 I ReactNativeJS: Missing file: data/TouchDefaultTablet4x3.cfg
08-22 23:14:18.172  3796  3931 I ReactNativeJS: Missing file: data/TouchDefaultTabletWidescreen.cfg
08-22 23:14:18.174  3796  3931 I ReactNativeJS: Missing file: data/animgrp.dat
08-22 23:14:18.177  3796  3931 I ReactNativeJS: Missing file: data/ar_stats.dat
08-22 23:14:18.178  3796  3931 I ReactNativeJS: Missing file: data/carcols.dat
08-22 23:14:18.179  3796  3931 I ReactNativeJS: Missing file: data/cargrp.dat
08-22 23:14:18.179  3796  3931 I ReactNativeJS: Missing file: data/carmods.dat
08-22 23:14:18.180  3796  3931 I ReactNativeJS: Missing file: data/clothes.dat
08-22 23:14:18.181  3796  3931 I ReactNativeJS: Missing file: data/colorcycle.dat
08-22 23:14:18.182  3796  3931 I ReactNativeJS: Missing file: data/default.dat
08-22 23:14:18.183  3796  3931 I ReactNativeJS: Missing file: data/default.ide
08-22 23:14:18.184  3796  3931 I ReactNativeJS: Missing file: data/fonts.dat
08-22 23:14:18.185  3796  3931 I ReactNativeJS: Missing file: data/furnitur.dat
08-22 23:14:18.191  3796  3931 I ReactNativeJS: Missing file: data/gridref.dat
08-22 23:14:18.192  3796  3931 I ReactNativeJS: Missing file: data/gta.dat
08-22 23:14:18.193  3796  3931 I ReactNativeJS: Missing file: data/handling.cfg
08-22 23:14:18.194  3796  3931 I ReactNativeJS: Missing file: data/info.zon
08-22 23:14:18.195  3796  3931 I ReactNativeJS: Missing file: data/mainV1.scm
08-22 23:14:18.196  3796  3931 I ReactNativeJS: Missing file: data/map.zon
08-22 23:14:18.196  3796  3931 I ReactNativeJS: Missing file: data/maps/Audiozon.ipl
08-22 23:14:18.197  3796  3931 I ReactNativeJS: Missing file: data/maps/LA/LAe.ide
08-22 23:14:18.198  3796  3931 I ReactNativeJS: Missing file: data/maps/LA/LAe.ipl
08-22 23:14:18.199  3796  3931 I ReactNativeJS: Missing file: data/maps/LA/LAe2.ide
08-22 23:14:18.199  3796  3931 I ReactNativeJS: Missing file: data/maps/LA/LAe2.ipl
08-22 23:14:18.200  3796  3931 I ReactNativeJS: Missing file: data/maps/LA/LAhills.ide
08-22 23:14:18.201  3796  3931 I ReactNativeJS: Missing file: data/maps/LA/LAhills.ipl
08-22 23:14:18.204  3796  3931 I ReactNativeJS: Missing file: data/maps/LA/LAn.ide
08-22 23:14:18.206  3796  3931 I ReactNativeJS: Missing file: data/maps/LA/LAn.ipl
08-22 23:14:18.208  3796  3931 I ReactNativeJS: Missing file: data/maps/LA/LAn2.ide
08-22 23:14:18.209  3796  3931 I ReactNativeJS: Missing file: data/maps/LA/LAn2.ipl
08-22 23:14:18.210  3796  3931 I ReactNativeJS: Missing file: data/maps/LA/LAs.ide
08-22 23:14:18.210  3796  3931 I ReactNativeJS: Missing file: data/maps/LA/LAs.ipl
08-22 23:14:18.211  3796  3931 I ReactNativeJS: Missing file: data/maps/LA/LAs2.ide
08-22 23:14:18.212  3796  3931 I ReactNativeJS: Missing file: data/maps/LA/LAs2.ipl
08-22 23:14:18.213  3796  3931 I ReactNativeJS: Missing file: data/maps/LA/LAw.ide
08-22 23:14:18.214  3796  3931 I ReactNativeJS: Missing file: data/maps/LA/LAw.ipl
08-22 23:14:18.215  3796  3931 I ReactNativeJS: Missing file: data/maps/LA/LAw2.ide
08-22 23:14:18.216  3796  3931 I ReactNativeJS: Missing file: data/maps/LA/LAw2.ipl
08-22 23:14:18.216  3796  3931 I ReactNativeJS: Missing file: data/maps/LA/LAxref.ide
08-22 23:14:18.217  3796  3931 I ReactNativeJS: Missing file: data/maps/LA/LaWn.ide
08-22 23:14:18.218  3796  3931 I ReactNativeJS: Missing file: data/maps/LA/LaWn.ipl
08-22 23:14:18.223  3796  3931 I ReactNativeJS: Missing file: data/maps/SF/SFSe.ide
08-22 23:14:18.224  3796  3931 I ReactNativeJS: Missing file: data/maps/SF/SFSe.ipl
08-22 23:14:18.225  3796  3931 I ReactNativeJS: Missing file: data/maps/SF/SFe.ide
08-22 23:14:18.226  3796  3931 I ReactNativeJS: Missing file: data/maps/SF/SFe.ipl
08-22 23:14:18.227  3796  3931 I ReactNativeJS: Missing file: data/maps/SF/SFn.ide
08-22 23:14:18.227  3796  3931 I ReactNativeJS: Missing file: data/maps/SF/SFn.ipl
08-22 23:14:18.228  3796  3931 I ReactNativeJS: Missing file: data/maps/SF/SFs.ide
08-22 23:14:18.229  3796  3931 I ReactNativeJS: Missing file: data/maps/SF/SFs.ipl
08-22 23:14:18.229  3796  3931 I ReactNativeJS: Missing file: data/maps/SF/SFw.ide
08-22 23:14:18.230  3796  3931 I ReactNativeJS: Missing file: data/maps/SF/SFw.ipl
08-22 23:14:18.231  3796  3931 I ReactNativeJS: Missing file: data/maps/SF/SFxref.ide
08-22 23:14:18.232  3796  3931 I ReactNativeJS: Missing file: data/maps/country/countn2.ide
08-22 23:14:18.232  3796  3931 I ReactNativeJS: Missing file: data/maps/country/countn2.ipl
08-22 23:14:18.233  3796  3931 I ReactNativeJS: Missing file: data/maps/country/countryN.ide
08-22 23:14:18.234  3796  3931 I ReactNativeJS: Missing file: data/maps/country/countryN.ipl
08-22 23:14:18.235  3796  3931 I ReactNativeJS: Missing file: data/maps/country/countryS.ide
08-22 23:14:18.237  3796  3931 I ReactNativeJS: Missing file: data/maps/country/countryS.ipl
08-22 23:14:18.238  3796  3931 I ReactNativeJS: Missing file: data/maps/country/countryW.ide
08-22 23:14:18.241  3796  3931 I ReactNativeJS: Missing file: data/maps/country/countrye.ide
08-22 23:14:18.242  3796  3931 I ReactNativeJS: Missing file: data/maps/country/countrye.ipl
08-22 23:14:18.243  3796  3931 I ReactNativeJS: Missing file: data/maps/country/countryw.ipl
08-22 23:14:18.244  3796  3931 I ReactNativeJS: Missing file: data/maps/country/counxref.ide
08-22 23:14:18.245  3796  3931 I ReactNativeJS: Missing file: data/maps/cull.ipl
08-22 23:14:18.245  3796  3931 I ReactNativeJS: Missing file: data/maps/generic/barriers.ide
08-22 23:14:18.246  3796  3931 I ReactNativeJS: Missing file: data/maps/generic/dynamic.ide
08-22 23:14:18.247  3796  3931 I ReactNativeJS: Missing file: data/maps/generic/dynamic2.ide
08-22 23:14:18.248  3796  3931 I ReactNativeJS: Missing file: data/maps/generic/multiobj.ide
08-22 23:14:18.248  3796  3931 I ReactNativeJS: Missing file: data/maps/generic/procobj.ide
08-22 23:14:18.249  3796  3931 I ReactNativeJS: Missing file: data/maps/generic/vegepart.ide
08-22 23:14:18.250  3796  3931 I ReactNativeJS: Missing file: data/maps/interior/gen_int1.ide
08-22 23:14:18.251  3796  3931 I ReactNativeJS: Missing file: data/maps/interior/gen_int1.ipl
08-22 23:14:18.252  3796  3931 I ReactNativeJS: Missing file: data/maps/interior/gen_int2.ide
08-22 23:14:18.258  3796  3931 I ReactNativeJS: Missing file: data/maps/interior/gen_int2.ipl
08-22 23:14:18.259  3796  3931 I ReactNativeJS: Missing file: data/maps/interior/gen_int3.ide
08-22 23:14:18.260  3796  3931 I ReactNativeJS: Missing file: data/maps/interior/gen_int3.ipl
08-22 23:14:18.261  3796  3931 I ReactNativeJS: Missing file: data/maps/interior/gen_int4.ide
08-22 23:14:18.261  3796  3931 I ReactNativeJS: Missing file: data/maps/interior/gen_int4.ipl
08-22 23:14:18.262  3796  3931 I ReactNativeJS: Missing file: data/maps/interior/gen_int5.ide
08-22 23:14:18.263  3796  3931 I ReactNativeJS: Missing file: data/maps/interior/gen_int5.ipl
08-22 23:14:18.264  3796  3931 I ReactNativeJS: Missing file: data/maps/interior/gen_intb.ide
08-22 23:14:18.265  3796  3931 I ReactNativeJS: Missing file: data/maps/interior/gen_intb.ipl
08-22 23:14:18.265  3796  3931 I ReactNativeJS: Missing file: data/maps/interior/int_LA.ide
08-22 23:14:18.266  3796  3931 I ReactNativeJS: Missing file: data/maps/interior/int_LA.ipl
08-22 23:14:18.267  3796  3931 I ReactNativeJS: Missing file: data/maps/interior/int_SF.ide
08-22 23:14:18.268  3796  3931 I ReactNativeJS: Missing file: data/maps/interior/int_SF.ipl
08-22 23:14:18.272  3796  3931 I ReactNativeJS: Missing file: data/maps/interior/int_cont.ide
08-22 23:14:18.273  3796  3931 I ReactNativeJS: Missing file: data/maps/interior/int_cont.ipl
08-22 23:14:18.275  3796  3931 I ReactNativeJS: Missing file: data/maps/interior/int_veg.ide
08-22 23:14:18.276  3796  3931 I ReactNativeJS: Missing file: data/maps/interior/int_veg.ipl
08-22 23:14:18.276  3796  3931 I ReactNativeJS: Missing file: data/maps/interior/propext.ide
08-22 23:14:18.277  3796  3931 I ReactNativeJS: Missing file: data/maps/interior/props.ide
08-22 23:14:18.278  3796  3931 I ReactNativeJS: Missing file: data/maps/interior/props2.ide
08-22 23:14:18.279  3796  3931 I ReactNativeJS: Missing file: data/maps/interior/savehous.ide
08-22 23:14:18.279  3796  3931 I ReactNativeJS: Missing file: data/maps/interior/savehous.ipl
08-22 23:14:18.280  3796  3931 I ReactNativeJS: Missing file: data/maps/interior/stadint.ide
08-22 23:14:18.281  3796  3931 I ReactNativeJS: Missing file: data/maps/interior/stadint.ipl
08-22 23:14:18.282  3796  3931 I ReactNativeJS: Missing file: data/maps/leveldes/leveldes.ide
08-22 23:14:18.283  3796  3931 I ReactNativeJS: Missing file: data/maps/leveldes/leveldes.ipl
08-22 23:14:18.284  3796  3931 I ReactNativeJS: Missing file: data/maps/leveldes/levelmap.ide
08-22 23:14:18.286  3796  3931 I ReactNativeJS: Missing file: data/maps/leveldes/levelmap.ipl
08-22 23:14:18.287  3796  3931 I ReactNativeJS: Missing file: data/maps/leveldes/levelxre.ide
08-22 23:14:18.290  3796  3931 I ReactNativeJS: Missing file: data/maps/leveldes/seabed.ide
08-22 23:14:18.291  3796  3931 I ReactNativeJS: Missing file: data/maps/leveldes/seabed.ipl
08-22 23:14:18.292  3796  3931 I ReactNativeJS: Missing file: data/maps/occlu.ipl
08-22 23:14:18.293  3796  3931 I ReactNativeJS: Missing file: data/maps/occluLA.ipl
08-22 23:14:18.294  3796  3931 I ReactNativeJS: Missing file: data/maps/occluint.ipl
08-22 23:14:18.294  3796  3931 I ReactNativeJS: Missing file: data/maps/occlusf.ipl
08-22 23:14:18.295  3796  3931 I ReactNativeJS: Missing file: data/maps/occluveg.ipl
08-22 23:14:18.296  3796  3931 I ReactNativeJS: Missing file: data/maps/paths.ipl
08-22 23:14:18.297  3796  3931 I ReactNativeJS: Missing file: data/maps/paths2.ipl
08-22 23:14:18.297  3796  3931 I ReactNativeJS: Missing file: data/maps/paths3.ipl
08-22 23:14:18.298  3796  3931 I ReactNativeJS: Missing file: data/maps/paths4.ipl
08-22 23:14:18.299  3796  3931 I ReactNativeJS: Missing file: data/maps/paths5.ipl
08-22 23:14:18.299  3796  3931 I ReactNativeJS: Missing file: data/maps/tunnels.ipl
08-22 23:14:18.300  3796  3931 I ReactNativeJS: Missing file: data/maps/vegas/VegasN.ide
08-22 23:14:18.301  3796  3931 I ReactNativeJS: Missing file: data/maps/vegas/VegasS.ide
08-22 23:14:18.304  3796  3931 I ReactNativeJS: Missing file: data/maps/vegas/VegasW.ide
08-22 23:14:18.305  3796  3931 I ReactNativeJS: Missing file: data/maps/vegas/vegasE.ide
08-22 23:14:18.307  3796  3931 I ReactNativeJS: Missing file: data/maps/vegas/vegasE.ipl
08-22 23:14:18.308  3796  3931 I ReactNativeJS: Missing file: data/maps/vegas/vegasN.ipl
08-22 23:14:18.309  3796  3931 I ReactNativeJS: Missing file: data/maps/vegas/vegasS.ipl
08-22 23:14:18.310  3796  3931 I ReactNativeJS: Missing file: data/maps/vegas/vegasW.ipl
08-22 23:14:18.311  3796  3931 I ReactNativeJS: Missing file: data/maps/vegas/vegaxref.ide
08-22 23:14:18.312  3796  3931 I ReactNativeJS: Missing file: data/maps/vegas/vegaxref.ipl
08-22 23:14:18.313  3796  3931 I ReactNativeJS: Missing file: data/maps/veh_mods/veh_mods.ide
08-22 23:14:18.313  3796  3931 I ReactNativeJS: Missing file: data/melee.dat
08-22 23:14:18.314  3796  3931 I ReactNativeJS: Missing file: data/object.dat
08-22 23:14:18.315  3796  3931 I ReactNativeJS: Missing file: data/paths/ROADBLOX.DAT
08-22 23:14:18.315  3796  3931 I ReactNativeJS: Missing file: data/paths/carrec.img
08-22 23:14:18.316  3796  3931 I ReactNativeJS: Missing file: data/paths/tracks.dat
08-22 23:14:18.317  3796  3931 I ReactNativeJS: Missing file: data/paths/tracks2.dat
08-22 23:14:18.319  3796  3931 I ReactNativeJS: Missing file: data/paths/tracks3.dat
08-22 23:14:18.321  3796  3931 I ReactNativeJS: Missing file: data/paths/tracks4.dat
08-22 23:14:18.324  3796  3931 I ReactNativeJS: Missing file: data/ped.dat
08-22 23:14:18.325  3796  3931 I ReactNativeJS: Missing file: data/pedgrp.dat
08-22 23:14:18.326  3796  3931 I ReactNativeJS: Missing file: data/peds.ide
08-22 23:14:18.327  3796  3931 I ReactNativeJS: Missing file: data/pedstats.dat
08-22 23:14:18.327  3796  3931 I ReactNativeJS: Missing file: data/plants.dat
08-22 23:14:18.328  3796  3931 I ReactNativeJS: Missing file: data/popcycle.dat
08-22 23:14:18.329  3796  3931 I ReactNativeJS: Missing file: data/procobj.dat
08-22 23:14:18.330  3796  3931 I ReactNativeJS: Missing file: data/script/mainV1.scm
08-22 23:14:18.330  3796  3931 I ReactNativeJS: Missing file: data/script/scriptv1.img
08-22 23:14:18.331  3796  3931 I ReactNativeJS: Missing file: data/scriptv1.img
08-22 23:14:18.332  3796  3931 I ReactNativeJS: Missing file: data/shopping.dat
08-22 23:14:18.332  3796  3931 I ReactNativeJS: Missing file: data/statdisp.dat
08-22 23:14:18.333  3796  3931 I ReactNativeJS: Missing file: data/surface.dat
08-22 23:14:18.334  3796  3931 I ReactNativeJS: Missing file: data/surfaud.dat
08-22 23:14:18.335  3796  3931 I ReactNativeJS: Missing file: data/surfinfo.dat
08-22 23:14:18.336  3796  3931 I ReactNativeJS: Missing file: data/timecyc.dat
08-22 23:14:18.337  3796  3931 I ReactNativeJS: Missing file: data/txdcut.ide
08-22 23:14:18.338  3796  3931 I ReactNativeJS: Missing file: data/vehicles.ide
08-22 23:14:18.339  3796  3931 I ReactNativeJS: Missing file: data/water.dat
08-22 23:14:18.340  3796  3931 I ReactNativeJS: Missing file: data/water1.dat
08-22 23:14:18.342  3796  3931 I ReactNativeJS: Missing file: data/weapon.dat
08-22 23:14:18.343  3796  3931 I ReactNativeJS: Missing file: fonts/arial_bold.ttf
08-22 23:14:18.343  3796  3931 I ReactNativeJS: Missing file: fonts/gtaweap3.ttf
08-22 23:14:18.344  3796  3931 I ReactNativeJS: Missing file: fonts/sampaux3.ttf
08-22 23:14:18.345  3796  3931 I ReactNativeJS: Missing file: models/coll/peds.col
08-22 23:14:18.346  3796  3931 I ReactNativeJS: Missing file: models/coll/vehicles.col
08-22 23:14:18.347  3796  3931 I ReactNativeJS: Missing file: models/coll/weapons.col
08-22 23:14:18.348  3796  3931 I ReactNativeJS: Missing file: models/effects.fxp
08-22 23:14:18.349  3796  3931 I ReactNativeJS: Missing file: stream.ini
08-22 23:14:18.350  3796  3931 I ReactNativeJS: Missing file: texdb/SAMPCOL.img
08-22 23:14:18.351  3796  3931 I ReactNativeJS: Missing file: texdb/gta3/gta3.dxt.dat
08-22 23:14:18.353  3796  3931 I ReactNativeJS: Missing file: texdb/gta3/gta3.dxt.tmb
08-22 23:14:18.354  3796  3931 I ReactNativeJS: Missing file: texdb/gta3/gta3.dxt.toc
08-22 23:14:18.355  3796  3931 I ReactNativeJS: Missing file: texdb/gta3/gta3.txt
08-22 23:14:18.356  3796  3931 I ReactNativeJS: Missing file: texdb/gta3.img
08-22 23:14:18.357  3796  3931 I ReactNativeJS: Missing file: texdb/gta_int/gta_int.dxt.dat
08-22 23:14:18.358  3796  3931 I ReactNativeJS: Missing file: texdb/gta_int/gta_int.dxt.tmb
08-22 23:14:18.359  3796  3931 I ReactNativeJS: Missing file: texdb/gta_int/gta_int.dxt.toc
08-22 23:14:18.360  3796  3931 I ReactNativeJS: Missing file: texdb/gta_int/gta_int.txt
08-22 23:14:18.363  3796  3931 I ReactNativeJS: Missing file: texdb/gta_int.img
08-22 23:14:18.364  3796  3931 I ReactNativeJS: Missing file: texdb/menu/menu.pvr.dat
08-22 23:14:18.365  3796  3931 I ReactNativeJS: Missing file: texdb/menu/menu.pvr.tmb
08-22 23:14:18.366  3796  3931 I ReactNativeJS: Missing file: texdb/menu/menu.pvr.toc
08-22 23:14:18.367  3796  3931 I ReactNativeJS: Missing file: texdb/menu/menu.txt
08-22 23:14:18.368  3796  3931 I ReactNativeJS: Missing file: texdb/mobile/mobile.dxt.dat
08-22 23:14:18.369  3796  3931 I ReactNativeJS: Missing file: texdb/mobile/mobile.dxt.tmb
08-22 23:14:18.373  3796  3931 I ReactNativeJS: Missing file: texdb/mobile/mobile.dxt.toc
08-22 23:14:18.374  3796  3931 I ReactNativeJS: Missing file: texdb/mobile/mobile.txt
08-22 23:14:18.375  3796  3931 I ReactNativeJS: Missing file: texdb/player/player.pvr.dat
08-22 23:14:18.377  3796  3931 I ReactNativeJS: Missing file: texdb/player/player.pvr.tmb
08-22 23:14:18.377  3796  3931 I ReactNativeJS: Missing file: texdb/player/player.pvr.toc
08-22 23:14:18.379  3796  3931 I ReactNativeJS: Missing file: texdb/player/player.txt
08-22 23:14:18.380  3796  3931 I ReactNativeJS: Missing file: texdb/player.img
08-22 23:14:18.381  3796  3931 I ReactNativeJS: Missing file: texdb/samp/samp.dxt.dat
08-22 23:14:18.382  3796  3931 I ReactNativeJS: Missing file: texdb/samp/samp.dxt.tmb
08-22 23:14:18.384  3796  3931 I ReactNativeJS: Missing file: texdb/samp/samp.dxt.toc
08-22 23:14:18.390  3796  3931 I ReactNativeJS: Missing file: texdb/samp/samp.txt
08-22 23:14:18.392  3796  3931 I ReactNativeJS: Missing file: texdb/samp.img
08-22 23:14:18.393  3796  3931 I ReactNativeJS: Missing file: texdb/txd/txd.dxt.dat
08-22 23:14:18.396  3796  3931 I ReactNativeJS: Missing file: texdb/txd/txd.dxt.tmb
08-22 23:14:18.398  3796  3931 I ReactNativeJS: Missing file: texdb/txd/txd.dxt.toc
08-22 23:14:18.400  3796  3931 I ReactNativeJS: Missing file: texdb/txd/txd.txt
08-22 23:14:18.400  3796  3931 I ReactNativeJS: Total files to update: 283 (283 missing, 0 mismatched)
08-22 23:14:18.400  3796  3931 I ReactNativeJS: Game files update required
08-22 23:14:30.601  3796  3931 I ReactNativeJS: Starting game files update with NATIVE BATCH downloader...
08-22 23:14:30.601  3796  3931 I ReactNativeJS: Total files to download: 283, Total size: 755265417 bytes
08-22 23:14:30.939  3796  3931 I ReactNativeJS: Foreground service started
08-22 23:14:30.939  3796  3931 I ReactNativeJS: Background keep-alive started (aggressive mode)
08-22 23:14:30.940  3796  3931 I ReactNativeJS: Batch download started in native code - will continue in background!
08-22 23:14:39.871  3796  3931 I ReactNativeJS: [AdsService] Rewarded loaded (ready to show)
08-22 23:14:39.880  3796  3931 I ReactNativeJS: [AdsService] Rewarded ad shown successfully
08-22 23:14:40.208  3796  3931 I ReactNativeJS: App moved to background during download - keeping JavaScript active
08-22 23:17:10.562  3796  3931 I ReactNativeJS: [AdsService] loadAndShowRewarded -> true (success event)
08-22 23:17:10.564  3796  3931 E ReactNativeJS: '[AdsService] Failed to load rewarded ad:', 'Activity not available'
08-22 23:17:10.577  3796  3931 I ReactNativeJS: [AdsService] loadAndShowRewarded -> false (load failed)
08-22 23:17:12.223  3796  3931 I ReactNativeJS: Running "ReactLauncher"
08-22 23:17:12.248  3796  3931 E ReactNativeJS: 'Error requesting audio permission:', { [java.lang.IllegalStateException: Tried to use permissions API while not attached to an Activity.]
08-22 23:17:12.248  3796  3931 E ReactNativeJS:   nativeStackAndroid: 
08-22 23:17:12.248  3796  3931 E ReactNativeJS:    [ { lineNumber: 30,
08-22 23:17:12.248  3796  3931 E ReactNativeJS:        file: 'r8-map-id-9807257cde3f5a376d584be73727b6fc9c54726848cdfdbdabab9dd61d7a5456',
08-22 23:17:12.248  3796  3931 E ReactNativeJS:        methodName: 'getPermissionAwareActivity',
08-22 23:17:12.248  3796  3931 E ReactNativeJS:        class: 'com.facebook.react.modules.permissions.PermissionsModule' },
08-22 23:17:12.248  3796  3931 E ReactNativeJS:      { lineNumber: 11,
08-22 23:17:12.248  3796  3931 E ReactNativeJS:        file: 'r8-map-id-9807257cde3f5a376d584be73727b6fc9c54726848cdfdbdabab9dd61d7a5456',
08-22 23:17:12.248  3796  3931 E ReactNativeJS:        methodName: 'shouldShowRequestPermissionRationale',
08-22 23:17:12.248  3796  3931 E ReactNativeJS:        class: 'com.facebook.react.modules.permissions.PermissionsModule' },
08-22 23:17:12.248  3796  3931 E ReactNativeJS:      { lineNumber: -2,
08-22 23:17:12.248  3796  3931 E ReactNativeJS:        file: 'r8-map-id-9807257cde3f5a376d584be73727b6fc9c54726848cdfdbdabab9dd61d7a5456',
08-22 23:17:12.248  3796  3931 E ReactNativeJS:        methodName: 'run',
08-22 23:17:12.248  3796  3931 E ReactNativeJS:        class: 'com.facebook.jni.NativeRunnable' },
08-22 23:17:12.248  3796  3931 E ReactNativeJS:      { lineNumber: 942,
08-22 23:17:12.248  3796  3931 E ReactNativeJS:        file: 'Handler.java',
08-22 23:17:12.248  3796  3931 E ReactNativeJS:        methodName: 'handleCallback',
08-22 23:17:12.248  3796  3931 E ReactNativeJS:        class: 'android.os.Handler' },
08-22 23:17:12.248  3796  3931 E ReactNativeJS:      { lineNumber: 99,
08-22 23:17:12.248  3796  3931 E ReactNativeJS:        file: 'Handler.java',
08-22 23:17:12.248  3796  3931 E ReactNativeJS:        methodName: 'dispatchMessage',
08-22 23:17:12.248  3796  3931 E ReactNativeJS:        class: 'android.os.Handler' },
08-22 23:17:12.248  3796  3931 E ReactNativeJS:      { lineNumber: 6,
08-22 23:17:12.248  3796  3931 E ReactNativeJS:        file: 'r8-map-id-9807257cde3f5a376d584be73727b6fc9c54726848cdfdbdabab9dd61d7a5456',
08-22 23:17:12.248  3796  3931 E ReactNativeJS:        methodName: 'dispatchMessage',
08-22 23:17:12.248  3796  3931 E ReactNativeJS:        class: 'com.facebook.react.bridge.queue.MessageQueueThreadHandler' },
08-22 23:17:12.248  3796  3931 E ReactNativeJS:      { lineNumber: 226,
08-22 23:17:12.248  3796  3931 E ReactNativeJS:        file: 'Looper.java',
08-22 23:17:12.248  3796  3931 E ReactNativeJS:        methodName: 'loopOnce',
08-22 23:17:12.248  3796  3931 E ReactNativeJS:        class: 'android.os.Looper' },
08-22 23:17:12.248  3796  3931 E ReactNativeJS:      { lineNumber: 313,
08-22 23:17:12.248  3796  3931 E ReactNativeJS:        file: 'Looper.java',
08-22 23:17:12.248  3796  3931 E ReactNativeJS:        methodName: 'loop',
08-22 23:17:12.248  3796  3931 E ReactNativeJS:        class: 'android.os.Looper' },
08-22 23:17:12.248  3796  3931 E ReactNativeJS:      { lineNumber: 29,
08-22 23:17:12.248  3796  3931 E ReactNativeJS:        file: 'r8-map-id-9807257cde3f5a376d584be73727b6fc9c54726848cdfdbdabab9dd61d7a5456',
08-22 23:17:12.248  3796  3931 E ReactNativeJS:        methodName: 'startNewBackgroundThread$lambda$0',
08-22 23:17:12.248  3796  3931 E ReactNativeJS:        class: 'com.facebook.react.bridge.queue.MessageQueueThreadImpl$Companion' },
08-22 23:17:12.248  3796  3931 E ReactNativeJS:      { lineNumber: 1,
08-22 23:17:12.248  3796  3931 E ReactNativeJS:        file: 'r8-map-id-9807257cde3f5a376d584be73727b6fc9c54726848cdfdbdabab9dd61d7a5456',
08-22 23:17:12.248  3796  3931 E ReactNativeJS:        methodName: 'a',
08-22 23:17:12.248  3796  3931 E ReactNativeJS:        class: 'com.facebook.react.bridge.queue.MessageQueueThreadImpl$Companion' },
08-22 23:17:12.248  3796  3931 E ReactNativeJS:      { lineNumber: 1022,
08-22 23:17:12.248  3796  3931 E ReactNativeJS:        file: 'r8-map-id-9807257cde3f5a376d584be73727b6fc9c54726848cdfdbdabab9dd61d7a5456',
08-22 23:17:12.248  3796  3931 E ReactNativeJS:        methodName: 'run',
08-22 23:17:12.248  3796  3931 E ReactNativeJS:        class: 'UA' },
08-22 23:17:12.248  3796  3931 E ReactNativeJS:      { lineNumber: 1572,
08-22 23:17:12.248  3796  3931 E ReactNativeJS:        file: 'Thread.java',
08-22 23:17:12.248  3796  3931 E ReactNativeJS:        methodName: 'run',
08-22 23:17:12.248  3796  3931 E ReactNativeJS:        class: 'java.lang.Thread' } ],
08-22 23:17:12.248  3796  3931 E ReactNativeJS:   name: 'java.lang.IllegalStateException',
08-22 23:17:12.248  3796  3931 E ReactNativeJS:   userInfo: null,
08-22 23:17:12.248  3796  3931 E ReactNativeJS:   code: 'E_INVALID_ACTIVITY' }
08-22 23:17:12.263  3796  3931 I ReactNativeJS: App returned to foreground
08-22 23:17:12.264  3796  3932 I GameLauncher: Checking for crash: false (file: /storage/emulated/0/Android/data/ro.alynsampmobile.launcher/files/.crash_occurred)
08-22 23:17:12.735  3796  3931 I ReactNativeJS: 'Service status:', true, 'verified:', true
08-22 23:17:12.837  3796  3931 I ReactNativeJS: [AdsService] Already initialized
08-22 23:17:13.082  3796  3931 I ReactNativeJS: 'API initialized successfully', { appStatus: true, appVersion: '20.6.8' }
08-22 23:17:13.557  3796  3931 I ReactNativeJS: === checkUpdate() CALLED ===
08-22 23:17:13.557  3796  3931 I ReactNativeJS: Checking for updates...
08-22 23:17:13.595  3796  3931 I ReactNativeJS: 'Service status:', true, 'verified:', true
08-22 23:17:13.595  3796  3931 I ReactNativeJS: Service is open, checking for updates...
08-22 23:17:13.595  3796  3931 I ReactNativeJS: Server game version: 20.6.8, Local: 20.6.8
08-22 23:17:13.595  3796  3931 I ReactNativeJS: Checking game files...
08-22 23:17:13.595  3796  3931 I ReactNativeJS: === getFilesToUpdate() CALLED ===
08-22 23:17:13.596  3796  3931 I ReactNativeJS: 'Modify mode:', false
08-22 23:17:13.596  3796  3931 I ReactNativeJS: 'Fetching file list from:', 'https://alynsampmobile.pro/api/game-files'
08-22 23:17:13.704  3796  3931 I ReactNativeJS: App initialized successfully
08-22 23:17:14.642  3796  3931 I ReactNativeJS: Server has 283 files to check
08-22 23:17:14.642  3796  3931 I ReactNativeJS: 'gameFilesPath:', '/storage/emulated/0/Android/data/ro.alynsampmobile.launcher/files'
08-22 23:17:14.645  3796  3931 I ReactNativeJS: File OK: SAMP/SAMP.ide (89358 bytes)
08-22 23:17:14.646  3796  3931 I ReactNativeJS: File OK: SAMP/TIMECYC.DAT (40037 bytes)
08-22 23:17:14.647  3796  3931 I ReactNativeJS: File OK: SAMP/WEAPON.dat (11585 bytes)
08-22 23:17:14.654  3796  3931 I ReactNativeJS: File OK: SAMP/alyn_logo.png (2308685 bytes)
08-22 23:17:14.655  3796  3931 I ReactNativeJS: File OK: SAMP/blockpunch.png (117414 bytes)
08-22 23:17:14.657  3796  3931 I ReactNativeJS: File OK: SAMP/blockpunch_hover.png (90283 bytes)
08-22 23:17:14.658  3796  3931 I ReactNativeJS: File OK: SAMP/gta.dat (3789 bytes)
08-22 23:17:14.659  3796  3931 I ReactNativeJS: File OK: SAMP/handling.cfg (64532 bytes)
08-22 23:17:14.661  3796  3931 I ReactNativeJS: File OK: SAMP/main.scm (96997 bytes)
08-22 23:17:14.662  3796  3931 I ReactNativeJS: File OK: SAMP/peds.ide (36369 bytes)
08-22 23:17:14.663  3796  3931 I ReactNativeJS: File OK: SAMP/script.img (184320 bytes)
08-22 23:17:14.665  3796  3931 I ReactNativeJS: File OK: SAMP/tracks2.dat (1 bytes)
08-22 23:17:14.668  3796  3931 I ReactNativeJS: File OK: SAMP/tracks4.dat (1 bytes)
08-22 23:17:14.669  3796  3931 I ReactNativeJS: File OK: SAMP/vehicles.ide (21093 bytes)
08-22 23:17:14.671  3796  3931 I ReactNativeJS: File OK: anim/anim.img (10942464 bytes)
08-22 23:17:14.673  3796  3931 I ReactNativeJS: File OK: anim/cuts.img (16029696 bytes)
08-22 23:17:14.674  3796  3931 I ReactNativeJS: File OK: anim/ped.ifp (1433248 bytes)
08-22 23:17:14.675  3796  3931 I ReactNativeJS: File OK: audio/CONFIG/AudioEventHistory.txt (114056 bytes)
08-22 23:17:14.676  3796  3931 I ReactNativeJS: File OK: audio/CONFIG/BankLkup.dat (8520 bytes)
08-22 23:17:14.677  3796  3931 I ReactNativeJS: File OK: audio/CONFIG/BankSlot.dat (216902 bytes)
08-22 23:17:14.677  3796  3931 I ReactNativeJS: File OK: audio/CONFIG/EventVol.dat (45402 bytes)
08-22 23:17:14.678  3796  3931 I ReactNativeJS: File OK: audio/CONFIG/PakFiles.dat (468 bytes)
08-22 23:17:14.679  3796  3931 I ReactNativeJS: File OK: audio/CONFIG/SOUNDINF.DAT (746760 bytes)
08-22 23:17:14.680  3796  3931 I ReactNativeJS: File OK: audio/CONFIG/StrmPaks.dat (272 bytes)
08-22 23:17:14.681  3796  3931 I ReactNativeJS: File OK: audio/CONFIG/TRKHEAD.DAT (15506696 bytes)
08-22 23:17:14.683  3796  3931 I ReactNativeJS: File OK: audio/CONFIG/TrakLkup.dat (23064 bytes)
08-22 23:17:14.687  3796  3931 I ReactNativeJS: File OK: audio/SFX/FEET.osw (138118 bytes)
08-22 23:17:14.689  3796  3931 I ReactNativeJS: File OK: audio/SFX/FEET.osw.idx (1220 bytes)
08-22 23:17:14.690  3796  3931 I ReactNativeJS: File OK: audio/SFX/GENRL.osw (9362373 bytes)
08-22 23:17:14.691  3796  3931 I ReactNativeJS: File OK: audio/SFX/GENRL.osw.idx (20868 bytes)
08-22 23:17:14.693  3796  3931 I ReactNativeJS: File OK: audio/SFX/PAIN_A.osw (3247335 bytes)
08-22 23:17:14.694  3796  3931 I ReactNativeJS: File OK: audio/SFX/PAIN_A.osw.idx (12836 bytes)
08-22 23:17:14.696  3796  3931 I ReactNativeJS: File OK: audio/STREAMS/AA.osw (15462 bytes)
08-22 23:17:14.698  3796  3931 I ReactNativeJS: File OK: audio/STREAMS/AA.osw.idx (1522 bytes)
08-22 23:17:14.704  3796  3931 I ReactNativeJS: File OK: audio/STREAMS/ADVERTS.osw (3516982 bytes)
08-22 23:17:14.706  3796  3931 I ReactNativeJS: File OK: audio/STREAMS/ADVERTS.osw.idx (1591 bytes)
08-22 23:17:14.706  3796  3931 I ReactNativeJS: Missing file: audio/STREAMS/AMBIENCE.osw
08-22 23:17:14.707  3796  3931 I ReactNativeJS: File OK: audio/STREAMS/AMBIENCE.osw.idx (924 bytes)
08-22 23:17:14.709  3796  3931 I ReactNativeJS: File OK: audio/STREAMS/BEATS.osw (9415375 bytes)
08-22 23:17:14.710  3796  3931 I ReactNativeJS: File OK: audio/STREAMS/BEATS.osw.idx (234 bytes)
08-22 23:17:14.711  3796  3931 I ReactNativeJS: File OK: audio/STREAMS/CH.osw (15462 bytes)
08-22 23:17:14.712  3796  3931 I ReactNativeJS: File OK: audio/STREAMS/CH.osw.idx (2994 bytes)
08-22 23:17:14.714  3796  3931 I ReactNativeJS: File OK: audio/STREAMS/CO.osw (15462 bytes)
08-22 23:17:14.716  3796  3931 I ReactNativeJS: File OK: audio/STREAMS/CO.osw.idx (3569 bytes)
08-22 23:17:14.717  3796  3931 I ReactNativeJS: File OK: audio/STREAMS/CR.osw (15462 bytes)
08-22 23:17:14.720  3796  3931 I ReactNativeJS: File OK: audio/STREAMS/CR.osw.idx (3592 bytes)
08-22 23:17:14.725  3796  3931 I ReactNativeJS: File OK: audio/STREAMS/CUTSCENE.osw (301175 bytes)
08-22 23:17:14.726  3796  3931 I ReactNativeJS: File OK: audio/STREAMS/CUTSCENE.osw.idx (3247 bytes)
08-22 23:17:14.727  3796  3931 I ReactNativeJS: File OK: audio/STREAMS/DS.osw (15462 bytes)
08-22 23:17:14.727  3796  3931 I ReactNativeJS: File OK: audio/STREAMS/DS.osw.idx (4121 bytes)
08-22 23:17:14.728  3796  3931 I ReactNativeJS: File OK: audio/STREAMS/HC.osw (15462 bytes)
08-22 23:17:14.729  3796  3931 I ReactNativeJS: File OK: audio/STREAMS/HC.osw.idx (2649 bytes)
08-22 23:17:14.730  3796  3931 I ReactNativeJS: File OK: audio/STREAMS/MH.osw (15462 bytes)
08-22 23:17:14.731  3796  3931 I ReactNativeJS: File OK: audio/STREAMS/MH.osw.idx (3500 bytes)
08-22 23:17:14.735  3796  3931 I ReactNativeJS: File OK: audio/STREAMS/MR.osw (15462 bytes)
08-22 23:17:14.736  3796  3931 I ReactNativeJS: File OK: audio/STREAMS/MR.osw.idx (3385 bytes)
08-22 23:17:14.738  3796  3931 I ReactNativeJS: File OK: audio/STREAMS/NJ.osw (15462 bytes)
08-22 23:17:14.739  3796  3931 I ReactNativeJS: File OK: audio/STREAMS/NJ.osw.idx (2994 bytes)
08-22 23:17:14.740  3796  3931 I ReactNativeJS: File OK: audio/STREAMS/RE.osw (15462 bytes)
08-22 23:17:14.741  3796  3931 I ReactNativeJS: File OK: audio/STREAMS/RE.osw.idx (3707 bytes)
08-22 23:17:14.742  3796  3931 I ReactNativeJS: File OK: audio/STREAMS/RG.osw (15462 bytes)
08-22 23:17:14.743  3796  3931 I ReactNativeJS: File OK: audio/STREAMS/RG.osw.idx (3914 bytes)
08-22 23:17:14.744  3796  3931 I ReactNativeJS: File OK: audio/STREAMS/TK.osw (15462 bytes)
08-22 23:17:14.745  3796  3931 I ReactNativeJS: File OK: audio/STREAMS/TK.osw.idx (2327 bytes)
08-22 23:17:14.745  3796  3931 I ReactNativeJS: File OK: data/360Default1280x720.cfg (10898 bytes)
08-22 23:17:14.746  3796  3931 I ReactNativeJS: File OK: data/360Default960x720.cfg (10888 bytes)
08-22 23:17:14.747  3796  3931 I ReactNativeJS: File OK: data/Decision/Allowed/Cop.ped (4908 bytes)
08-22 23:17:14.755  3796  3931 I ReactNativeJS: File OK: data/Decision/Allowed/Fireman.ped (4435 bytes)
08-22 23:17:14.775  3796  3931 I ReactNativeJS: File OK: data/Decision/Allowed/GangMbr.ped (6194 bytes)
08-22 23:17:14.777  3796  3931 I ReactNativeJS: File OK: data/Decision/Allowed/Indoors.ped (2809 bytes)
08-22 23:17:14.778  3796  3931 I ReactNativeJS: File OK: data/Decision/Allowed/MISSION.grp (2758 bytes)
08-22 23:17:14.779  3796  3931 I ReactNativeJS: File OK: data/Decision/Allowed/RANDOM.grp (4623 bytes)
08-22 23:17:14.780  3796  3931 I ReactNativeJS: File OK: data/Decision/Allowed/RANDOM.ped (4142 bytes)
08-22 23:17:14.785  3796  3931 I ReactNativeJS: File OK: data/Decision/Allowed/RANDOM2.grp (4623 bytes)
08-22 23:17:14.789  3796  3931 I ReactNativeJS: File OK: data/Decision/Allowed/R_Norm.ped (6450 bytes)
08-22 23:17:14.790  3796  3931 I ReactNativeJS: File OK: data/Decision/Allowed/R_Tough.ped (6378 bytes)
08-22 23:17:14.791  3796  3931 I ReactNativeJS: File OK: data/Decision/Allowed/R_Weak.ped (6289 bytes)
08-22 23:17:14.792  3796  3931 I ReactNativeJS: File OK: data/Decision/Allowed/m_empty.ped (982 bytes)
08-22 23:17:14.793  3796  3931 I ReactNativeJS: File OK: data/Decision/Allowed/m_norm.ped (4142 bytes)
08-22 23:17:14.793  3796  3931 I ReactNativeJS: File OK: data/Decision/Allowed/m_plyr.ped (2000 bytes)
08-22 23:17:14.794  3796  3931 I ReactNativeJS: File OK: data/Decision/Allowed/m_steal.ped (3663 bytes)
08-22 23:17:14.795  3796  3931 I ReactNativeJS: File OK: data/Decision/Allowed/m_tough.ped (3980 bytes)
08-22 23:17:14.796  3796  3931 I ReactNativeJS: File OK: data/Decision/Allowed/m_weak.ped (4062 bytes)
08-22 23:17:14.797  3796  3931 I ReactNativeJS: File OK: data/Decision/PedEvent.txt (1298 bytes)
08-22 23:17:14.803  3796  3931 I ReactNativeJS: File OK: data/ShopUVs.dat (30509 bytes)
08-22 23:17:14.805  3796  3931 I ReactNativeJS: File OK: data/TouchDefaultPhone3x2.cfg (10912 bytes)
08-22 23:17:14.806  3796  3931 I ReactNativeJS: File OK: data/TouchDefaultPhoneWidescreen.cfg (10924 bytes)
08-22 23:17:14.806  3796  3931 I ReactNativeJS: File OK: data/TouchDefaultTablet4x3.cfg (10926 bytes)
08-22 23:17:14.807  3796  3931 I ReactNativeJS: File OK: data/TouchDefaultTabletWidescreen.cfg (10923 bytes)
08-22 23:17:14.808  3796  3931 I ReactNativeJS: File OK: data/animgrp.dat (3096 bytes)
08-22 23:17:14.809  3796  3931 I ReactNativeJS: File OK: data/ar_stats.dat (3593 bytes)
08-22 23:17:14.810  3796  3931 I ReactNativeJS: File OK: data/carcols.dat (15361 bytes)
08-22 23:17:14.811  3796  3931 I ReactNativeJS: File OK: data/cargrp.dat (3909 bytes)
08-22 23:17:14.812  3796  3931 I ReactNativeJS: File OK: data/carmods.dat (8763 bytes)
08-22 23:17:14.813  3796  3931 I ReactNativeJS: File OK: data/clothes.dat (5317 bytes)
08-22 23:17:14.814  3796  3931 I ReactNativeJS: File OK: data/colorcycle.dat (13612 bytes)
08-22 23:17:14.820  3796  3931 I ReactNativeJS: File OK: data/default.dat (577 bytes)
08-22 23:17:14.823  3796  3931 I ReactNativeJS: File OK: data/default.ide (4679 bytes)
08-22 23:17:14.824  3796  3931 I ReactNativeJS: File OK: data/fonts.dat (3576 bytes)
08-22 23:17:14.826  3796  3931 I ReactNativeJS: File OK: data/furnitur.dat (16480 bytes)
08-22 23:17:14.827  3796  3931 I ReactNativeJS: File OK: data/gridref.dat (1498 bytes)
08-22 23:17:14.828  3796  3931 I ReactNativeJS: File OK: data/gta.dat (3776 bytes)
08-22 23:17:14.830  3796  3931 I ReactNativeJS: File OK: data/handling.cfg (64532 bytes)
08-22 23:17:14.836  3796  3931 I ReactNativeJS: File OK: data/info.zon (28139 bytes)
08-22 23:17:14.838  3796  3931 I ReactNativeJS: File OK: data/mainV1.scm (3169778 bytes)
08-22 23:17:14.839  3796  3931 I ReactNativeJS: File OK: data/map.zon (436 bytes)
08-22 23:17:14.841  3796  3931 I ReactNativeJS: File OK: data/maps/Audiozon.ipl (10802 bytes)
08-22 23:17:14.842  3796  3931 I ReactNativeJS: File OK: data/maps/LA/LAe.ide (12249 bytes)
08-22 23:17:14.843  3796  3931 I ReactNativeJS: File OK: data/maps/LA/LAe.ipl (27328 bytes)
08-22 23:17:14.844  3796  3931 I ReactNativeJS: File OK: data/maps/LA/LAe2.ide (21907 bytes)
08-22 23:17:14.844  3796  3931 I ReactNativeJS: File OK: data/maps/LA/LAe2.ipl (33651 bytes)
08-22 23:17:14.845  3796  3931 I ReactNativeJS: File OK: data/maps/LA/LAhills.ide (10601 bytes)
08-22 23:17:14.846  3796  3931 I ReactNativeJS: File OK: data/maps/LA/LAhills.ipl (34506 bytes)
08-22 23:17:14.847  3796  3931 I ReactNativeJS: File OK: data/maps/LA/LAn.ide (11107 bytes)
08-22 23:17:14.852  3796  3931 I ReactNativeJS: File OK: data/maps/LA/LAn.ipl (14264 bytes)
08-22 23:17:14.854  3796  3931 I ReactNativeJS: File OK: data/maps/LA/LAn2.ide (9565 bytes)
08-22 23:17:14.855  3796  3931 I ReactNativeJS: File OK: data/maps/LA/LAn2.ipl (13185 bytes)
08-22 23:17:14.855  3796  3931 I ReactNativeJS: File OK: data/maps/LA/LAs.ide (12575 bytes)
08-22 23:17:14.856  3796  3931 I ReactNativeJS: File OK: data/maps/LA/LAs.ipl (22414 bytes)
08-22 23:17:14.857  3796  3931 I ReactNativeJS: File OK: data/maps/LA/LAs2.ide (12364 bytes)
08-22 23:17:14.858  3796  3931 I ReactNativeJS: File OK: data/maps/LA/LAs2.ipl (38441 bytes)
08-22 23:17:14.858  3796  3931 I ReactNativeJS: File OK: data/maps/LA/LAw.ide (9412 bytes)
08-22 23:17:14.859  3796  3931 I ReactNativeJS: File OK: data/maps/LA/LAw.ipl (15105 bytes)
08-22 23:17:14.861  3796  3931 I ReactNativeJS: File OK: data/maps/LA/LAw2.ide (11060 bytes)
08-22 23:17:14.862  3796  3931 I ReactNativeJS: File OK: data/maps/LA/LAw2.ipl (18232 bytes)
08-22 23:17:14.863  3796  3931 I ReactNativeJS: File OK: data/maps/LA/LAxref.ide (10477 bytes)
08-22 23:17:14.868  3796  3931 I ReactNativeJS: File OK: data/maps/LA/LaWn.ide (13092 bytes)
08-22 23:17:14.869  3796  3931 I ReactNativeJS: File OK: data/maps/LA/LaWn.ipl (24330 bytes)
08-22 23:17:14.871  3796  3931 I ReactNativeJS: File OK: data/maps/SF/SFSe.ide (30227 bytes)
08-22 23:17:14.871  3796  3931 I ReactNativeJS: File OK: data/maps/SF/SFSe.ipl (53359 bytes)
08-22 23:17:14.872  3796  3931 I ReactNativeJS: File OK: data/maps/SF/SFe.ide (16224 bytes)
08-22 23:17:14.873  3796  3931 I ReactNativeJS: File OK: data/maps/SF/SFe.ipl (26707 bytes)
08-22 23:17:14.874  3796  3931 I ReactNativeJS: File OK: data/maps/SF/SFn.ide (11219 bytes)
08-22 23:17:14.875  3796  3931 I ReactNativeJS: File OK: data/maps/SF/SFn.ipl (26201 bytes)
08-22 23:17:14.875  3796  3931 I ReactNativeJS: File OK: data/maps/SF/SFs.ide (18948 bytes)
08-22 23:17:14.876  3796  3931 I ReactNativeJS: File OK: data/maps/SF/SFs.ipl (37969 bytes)
08-22 23:17:14.877  3796  3931 I ReactNativeJS: File OK: data/maps/SF/SFw.ide (16473 bytes)
08-22 23:17:14.878  3796  3931 I ReactNativeJS: File OK: data/maps/SF/SFw.ipl (29247 bytes)
08-22 23:17:14.879  3796  3931 I ReactNativeJS: File OK: data/maps/SF/SFxref.ide (4631 bytes)
08-22 23:17:14.881  3796  3931 I ReactNativeJS: File OK: data/maps/country/countn2.ide (35439 bytes)
08-22 23:17:14.883  3796  3931 I ReactNativeJS: File OK: data/maps/country/countn2.ipl (41665 bytes)
08-22 23:17:14.889  3796  3931 I ReactNativeJS: File OK: data/maps/country/countryN.ide (11308 bytes)
08-22 23:17:14.891  3796  3931 I ReactNativeJS: File OK: data/maps/country/countryN.ipl (14407 bytes)
08-22 23:17:14.894  3796  3931 I ReactNativeJS: File OK: data/maps/country/countryS.ide (18450 bytes)
08-22 23:17:14.895  3796  3931 I ReactNativeJS: File OK: data/maps/country/countryS.ipl (33835 bytes)
08-22 23:17:14.896  3796  3931 I ReactNativeJS: File OK: data/maps/country/countryW.ide (19704 bytes)
08-22 23:17:14.897  3796  3931 I ReactNativeJS: File OK: data/maps/country/countrye.ide (34529 bytes)
08-22 23:17:14.903  3796  3931 I ReactNativeJS: File OK: data/maps/country/countrye.ipl (49301 bytes)
08-22 23:17:14.904  3796  3931 I ReactNativeJS: File OK: data/maps/country/countryw.ipl (35057 bytes)
08-22 23:17:14.906  3796  3931 I ReactNativeJS: File OK: data/maps/country/counxref.ide (8494 bytes)
08-22 23:17:14.907  3796  3931 I ReactNativeJS: File OK: data/maps/cull.ipl (104318 bytes)
08-22 23:17:14.909  3796  3931 I ReactNativeJS: File OK: data/maps/generic/barriers.ide (1437 bytes)
08-22 23:17:14.910  3796  3931 I ReactNativeJS: File OK: data/maps/generic/dynamic.ide (4611 bytes)
08-22 23:17:14.911  3796  3931 I ReactNativeJS: File OK: data/maps/generic/dynamic2.ide (10510 bytes)
08-22 23:17:14.912  3796  3931 I ReactNativeJS: File OK: data/maps/generic/multiobj.ide (5020 bytes)
08-22 23:17:14.913  3796  3931 I ReactNativeJS: File OK: data/maps/generic/procobj.ide (4755 bytes)
08-22 23:17:14.915  3796  3931 I ReactNativeJS: File OK: data/maps/generic/vegepart.ide (8062 bytes)
08-22 23:17:14.918  3796  3931 I ReactNativeJS: File OK: data/maps/interior/gen_int1.ide (2747 bytes)
08-22 23:17:14.920  3796  3931 I ReactNativeJS: File OK: data/maps/interior/gen_int1.ipl (21074 bytes)
08-22 23:17:14.921  3796  3931 I ReactNativeJS: File OK: data/maps/interior/gen_int2.ide (10941 bytes)
08-22 23:17:14.923  3796  3931 I ReactNativeJS: File OK: data/maps/interior/gen_int2.ipl (1683 bytes)
08-22 23:17:14.924  3796  3931 I ReactNativeJS: File OK: data/maps/interior/gen_int3.ide (3252 bytes)
08-22 23:17:14.925  3796  3931 I ReactNativeJS: File OK: data/maps/interior/gen_int3.ipl (2091 bytes)
08-22 23:17:14.926  3796  3931 I ReactNativeJS: File OK: data/maps/interior/gen_int4.ide (2323 bytes)
08-22 23:17:14.927  3796  3931 I ReactNativeJS: File OK: data/maps/interior/gen_int4.ipl (1185 bytes)
08-22 23:17:14.927  3796  3931 I ReactNativeJS: File OK: data/maps/interior/gen_int5.ide (4682 bytes)
08-22 23:17:14.928  3796  3931 I ReactNativeJS: File OK: data/maps/interior/gen_int5.ipl (2988 bytes)
08-22 23:17:14.929  3796  3931 I ReactNativeJS: File OK: data/maps/interior/gen_intb.ide (5459 bytes)
08-22 23:17:14.930  3796  3931 I ReactNativeJS: File OK: data/maps/interior/gen_intb.ipl (1626 bytes)
08-22 23:17:14.933  3796  3931 I ReactNativeJS: File OK: data/maps/interior/int_LA.ide (6004 bytes)
08-22 23:17:14.935  3796  3931 I ReactNativeJS: File OK: data/maps/interior/int_LA.ipl (1312 bytes)
08-22 23:17:14.936  3796  3931 I ReactNativeJS: File OK: data/maps/interior/int_SF.ide (1260 bytes)
08-22 23:17:14.938  3796  3931 I ReactNativeJS: File OK: data/maps/interior/int_SF.ipl (1334 bytes)
08-22 23:17:14.939  3796  3931 I ReactNativeJS: File OK: data/maps/interior/int_cont.ide (385 bytes)
08-22 23:17:14.940  3796  3931 I ReactNativeJS: File OK: data/maps/interior/int_cont.ipl (910 bytes)
08-22 23:17:14.941  3796  3931 I ReactNativeJS: File OK: data/maps/interior/int_veg.ide (4684 bytes)
08-22 23:17:14.942  3796  3931 I ReactNativeJS: File OK: data/maps/interior/int_veg.ipl (5299 bytes)
08-22 23:17:14.943  3796  3931 I ReactNativeJS: File OK: data/maps/interior/propext.ide (2340 bytes)
08-22 23:17:14.944  3796  3931 I ReactNativeJS: File OK: data/maps/interior/props.ide (26326 bytes)
08-22 23:17:14.945  3796  3931 I ReactNativeJS: File OK: data/maps/interior/props2.ide (21174 bytes)
08-22 23:17:14.946  3796  3931 I ReactNativeJS: File OK: data/maps/interior/savehous.ide (1724 bytes)
08-22 23:17:14.951  3796  3931 I ReactNativeJS: File OK: data/maps/interior/savehous.ipl (2959 bytes)
08-22 23:17:14.953  3796  3931 I ReactNativeJS: File OK: data/maps/interior/stadint.ide (2851 bytes)
08-22 23:17:14.954  3796  3931 I ReactNativeJS: File OK: data/maps/interior/stadint.ipl (6299 bytes)
08-22 23:17:14.955  3796  3931 I ReactNativeJS: File OK: data/maps/leveldes/leveldes.ide (360 bytes)
08-22 23:17:14.957  3796  3931 I ReactNativeJS: File OK: data/maps/leveldes/leveldes.ipl (165 bytes)
08-22 23:17:14.957  3796  3931 I ReactNativeJS: File OK: data/maps/leveldes/levelmap.ide (3194 bytes)
08-22 23:17:14.958  3796  3931 I ReactNativeJS: File OK: data/maps/leveldes/levelmap.ipl (4675 bytes)
08-22 23:17:14.959  3796  3931 I ReactNativeJS: File OK: data/maps/leveldes/levelxre.ide (9897 bytes)
08-22 23:17:14.960  3796  3931 I ReactNativeJS: File OK: data/maps/leveldes/seabed.ide (12039 bytes)
08-22 23:17:14.962  3796  3931 I ReactNativeJS: File OK: data/maps/leveldes/seabed.ipl (23342 bytes)
08-22 23:17:14.963  3796  3931 I ReactNativeJS: File OK: data/maps/occlu.ipl (1012 bytes)
08-22 23:17:14.965  3796  3931 I ReactNativeJS: File OK: data/maps/occluLA.ipl (35956 bytes)
08-22 23:17:14.968  3796  3931 I ReactNativeJS: File OK: data/maps/occluint.ipl (2338 bytes)
08-22 23:17:14.970  3796  3931 I ReactNativeJS: File OK: data/maps/occlusf.ipl (16114 bytes)
08-22 23:17:14.971  3796  3931 I ReactNativeJS: File OK: data/maps/occluveg.ipl (17944 bytes)
08-22 23:17:14.972  3796  3931 I ReactNativeJS: File OK: data/maps/paths.ipl (2658607 bytes)
08-22 23:17:14.973  3796  3931 I ReactNativeJS: File OK: data/maps/paths2.ipl (2292241 bytes)
08-22 23:17:14.974  3796  3931 I ReactNativeJS: Missing file: data/maps/paths3.ipl
08-22 23:17:14.975  3796  3931 I ReactNativeJS: File OK: data/maps/paths4.ipl (253014 bytes)
08-22 23:17:14.976  3796  3931 I ReactNativeJS: File OK: data/maps/paths5.ipl (457678 bytes)
08-22 23:17:14.977  3796  3931 I ReactNativeJS: File OK: data/maps/tunnels.ipl (3230 bytes)
08-22 23:17:14.977  3796  3931 I ReactNativeJS: File OK: data/maps/vegas/VegasN.ide (23715 bytes)
08-22 23:17:14.978  3796  3931 I ReactNativeJS: File OK: data/maps/vegas/VegasS.ide (18656 bytes)
08-22 23:17:14.979  3796  3931 I ReactNativeJS: File OK: data/maps/vegas/VegasW.ide (25456 bytes)
08-22 23:17:14.985  3796  3931 I ReactNativeJS: File OK: data/maps/vegas/vegasE.ide (35542 bytes)
08-22 23:17:14.986  3796  3931 I ReactNativeJS: File OK: data/maps/vegas/vegasE.ipl (61084 bytes)
08-22 23:17:14.987  3796  3931 I ReactNativeJS: File OK: data/maps/vegas/vegasN.ipl (36651 bytes)
08-22 23:17:14.988  3796  3931 I ReactNativeJS: File OK: data/maps/vegas/vegasS.ipl (30343 bytes)
08-22 23:17:14.989  3796  3931 I ReactNativeJS: File OK: data/maps/vegas/vegasW.ipl (49867 bytes)
08-22 23:17:14.990  3796  3931 I ReactNativeJS: File OK: data/maps/vegas/vegaxref.ide (5751 bytes)
08-22 23:17:14.991  3796  3931 I ReactNativeJS: File OK: data/maps/vegas/vegaxref.ipl (3661 bytes)
08-22 23:17:14.992  3796  3931 I ReactNativeJS: File OK: data/maps/veh_mods/veh_mods.ide (7323 bytes)
08-22 23:17:14.993  3796  3931 I ReactNativeJS: File OK: data/melee.dat (6306 bytes)
08-22 23:17:14.993  3796  3931 I ReactNativeJS: File OK: data/object.dat (126118 bytes)
08-22 23:17:14.994  3796  3931 I ReactNativeJS: File OK: data/paths/ROADBLOX.DAT (1304 bytes)
08-22 23:17:14.995  3796  3931 I ReactNativeJS: File OK: data/paths/carrec.img (2357248 bytes)
08-22 23:17:14.996  3796  3931 I ReactNativeJS: File OK: data/paths/tracks.dat (25474 bytes)
08-22 23:17:14.998  3796  3931 I ReactNativeJS: File OK: data/paths/tracks2.dat (1892 bytes)
08-22 23:17:15.004  3796  3931 I ReactNativeJS: File OK: data/paths/tracks3.dat (8328 bytes)
08-22 23:17:15.005  3796  3931 I ReactNativeJS: File OK: data/paths/tracks4.dat (18347 bytes)
08-22 23:17:15.006  3796  3931 I ReactNativeJS: File OK: data/ped.dat (1276 bytes)
08-22 23:17:15.032  3796  3931 I ReactNativeJS: File OK: data/pedgrp.dat (5792 bytes)
08-22 23:17:15.036  3796  3931 I ReactNativeJS: File OK: data/peds.ide (33401 bytes)
08-22 23:17:15.039  3796  3931 I ReactNativeJS: File OK: data/pedstats.dat (3604 bytes)
08-22 23:17:15.041  3796  3931 I ReactNativeJS: File OK: data/plants.dat (9887 bytes)
08-22 23:17:15.042  3796  3931 I ReactNativeJS: File OK: data/popcycle.dat (127108 bytes)
08-22 23:17:15.042  3796  3931 I ReactNativeJS: File OK: data/procobj.dat (10019 bytes)
08-22 23:17:15.043  3796  3931 I ReactNativeJS: Missing file: data/script/mainV1.scm
08-22 23:17:15.044  3796  3931 I ReactNativeJS: File OK: data/script/scriptv1.img (561152 bytes)
08-22 23:17:15.045  3796  3931 I ReactNativeJS: Missing file: data/scriptv1.img
08-22 23:17:15.046  3796  3931 I ReactNativeJS: File OK: data/shopping.dat (46875 bytes)
08-22 23:17:15.051  3796  3931 I ReactNativeJS: File OK: data/statdisp.dat (7292 bytes)
08-22 23:17:15.054  3796  3931 I ReactNativeJS: File OK: data/surface.dat (576 bytes)
08-22 23:17:15.055  3796  3931 I ReactNativeJS: File OK: data/surfaud.dat (6530 bytes)
08-22 23:17:15.056  3796  3931 I ReactNativeJS: File OK: data/surfinfo.dat (28106 bytes)
08-22 23:17:15.057  3796  3931 I ReactNativeJS: File OK: data/timecyc.dat (40037 bytes)
08-22 23:17:15.058  3796  3931 I ReactNativeJS: File OK: data/txdcut.ide (478 bytes)
08-22 23:17:15.059  3796  3931 I ReactNativeJS: File OK: data/vehicles.ide (21093 bytes)
08-22 23:17:15.059  3796  3931 I ReactNativeJS: Missing file: data/water.dat
08-22 23:17:15.060  3796  3931 I ReactNativeJS: Missing file: data/water1.dat
08-22 23:17:15.061  3796  3931 I ReactNativeJS: Missing file: data/weapon.dat
08-22 23:17:15.061  3796  3931 I ReactNativeJS: Missing file: fonts/arial_bold.ttf
08-22 23:17:15.062  3796  3931 I ReactNativeJS: Missing file: fonts/gtaweap3.ttf
08-22 23:17:15.062  3796  3931 I ReactNativeJS: Missing file: fonts/sampaux3.ttf
08-22 23:17:15.063  3796  3931 I ReactNativeJS: Missing file: models/coll/peds.col
08-22 23:17:15.065  3796  3931 I ReactNativeJS: Missing file: models/coll/vehicles.col
08-22 23:17:15.068  3796  3931 I ReactNativeJS: Missing file: models/coll/weapons.col
08-22 23:17:15.070  3796  3931 I ReactNativeJS: Missing file: models/effects.fxp
08-22 23:17:15.070  3796  3931 I ReactNativeJS: Missing file: stream.ini
08-22 23:17:15.071  3796  3931 I ReactNativeJS: Missing file: texdb/SAMPCOL.img
08-22 23:17:15.072  3796  3931 I ReactNativeJS: Missing file: texdb/gta3/gta3.dxt.dat
08-22 23:17:15.073  3796  3931 I ReactNativeJS: Missing file: texdb/gta3/gta3.dxt.tmb
08-22 23:17:15.073  3796  3931 I ReactNativeJS: Missing file: texdb/gta3/gta3.dxt.toc
08-22 23:17:15.074  3796  3931 I ReactNativeJS: Missing file: texdb/gta3/gta3.txt
08-22 23:17:15.075  3796  3931 I ReactNativeJS: Missing file: texdb/gta3.img
08-22 23:17:15.075  3796  3931 I ReactNativeJS: Missing file: texdb/gta_int/gta_int.dxt.dat
08-22 23:17:15.076  3796  3931 I ReactNativeJS: Missing file: texdb/gta_int/gta_int.dxt.tmb
08-22 23:17:15.076  3796  3931 I ReactNativeJS: Missing file: texdb/gta_int/gta_int.dxt.toc
08-22 23:17:15.077  3796  3931 I ReactNativeJS: Missing file: texdb/gta_int/gta_int.txt
08-22 23:17:15.078  3796  3931 I ReactNativeJS: Missing file: texdb/gta_int.img
08-22 23:17:15.078  3796  3931 I ReactNativeJS: Missing file: texdb/menu/menu.pvr.dat
08-22 23:17:15.079  3796  3931 I ReactNativeJS: Missing file: texdb/menu/menu.pvr.tmb
08-22 23:17:15.080  3796  3931 I ReactNativeJS: Missing file: texdb/menu/menu.pvr.toc
08-22 23:17:15.083  3796  3931 I ReactNativeJS: Missing file: texdb/menu/menu.txt
08-22 23:17:15.084  3796  3931 I ReactNativeJS: Missing file: texdb/mobile/mobile.dxt.dat
08-22 23:17:15.085  3796  3931 I ReactNativeJS: Missing file: texdb/mobile/mobile.dxt.tmb
08-22 23:17:15.086  3796  3931 I ReactNativeJS: Missing file: texdb/mobile/mobile.dxt.toc
08-22 23:17:15.087  3796  3931 I ReactNativeJS: Missing file: texdb/mobile/mobile.txt
08-22 23:17:15.088  3796  3931 I ReactNativeJS: Missing file: texdb/player/player.pvr.dat
08-22 23:17:15.089  3796  3931 I ReactNativeJS: Missing file: texdb/player/player.pvr.tmb
08-22 23:17:15.089  3796  3931 I ReactNativeJS: Missing file: texdb/player/player.pvr.toc
08-22 23:17:15.090  3796  3931 I ReactNativeJS: Missing file: texdb/player/player.txt
08-22 23:17:15.091  3796  3931 I ReactNativeJS: Missing file: texdb/player.img
08-22 23:17:15.091  3796  3931 I ReactNativeJS: Missing file: texdb/samp/samp.dxt.dat
08-22 23:17:15.092  3796  3931 I ReactNativeJS: Missing file: texdb/samp/samp.dxt.tmb
08-22 23:17:15.093  3796  3931 I ReactNativeJS: Missing file: texdb/samp/samp.dxt.toc
08-22 23:17:15.093  3796  3931 I ReactNativeJS: Missing file: texdb/samp/samp.txt
08-22 23:17:15.094  3796  3931 I ReactNativeJS: Missing file: texdb/samp.img
08-22 23:17:15.095  3796  3931 I ReactNativeJS: Missing file: texdb/txd/txd.dxt.dat
08-22 23:17:15.098  3796  3931 I ReactNativeJS: Missing file: texdb/txd/txd.dxt.tmb
08-22 23:17:15.100  3796  3931 I ReactNativeJS: Missing file: texdb/txd/txd.dxt.toc
08-22 23:17:15.101  3796  3931 I ReactNativeJS: Missing file: texdb/txd/txd.txt
08-22 23:17:15.101  3796  3931 I ReactNativeJS: Total files to update: 48 (48 missing, 0 mismatched)
08-22 23:17:15.101  3796  3931 I ReactNativeJS: Game files update required
08-22 23:17:15.266  3796  3931 I ReactNativeJS: Background keep-alive active: 100 ticks
08-22 23:17:26.886  3796  3931 I ReactNativeJS: Background keep-alive active: 200 ticks
08-22 23:17:31.270  3796  3931 I ReactNativeJS: Starting game files update with NATIVE BATCH downloader...
08-22 23:17:31.270  3796  3931 I ReactNativeJS: Total files to download: 48, Total size: 666588687 bytes
08-22 23:17:31.303  3796  3931 I ReactNativeJS: [AdsService] Rewarded loaded (ready to show)
08-22 23:17:31.323  3796  3931 I ReactNativeJS: [AdsService] Rewarded ad shown successfully
08-22 23:17:31.356  3796  3931 I ReactNativeJS: Foreground service started
08-22 23:17:31.357  3796  3931 I ReactNativeJS: Batch download started in native code - will continue in background!
08-22 23:17:31.548  3796  3931 I ReactNativeJS: App moved to background during download - keeping JavaScript active
08-22 23:18:26.455  3796  3931 I ReactNativeJS: [AdsService] loadAndShowRewarded -> true (success event)
08-22 23:18:26.456  3796  3931 E ReactNativeJS: '[AdsService] Failed to load rewarded ad:', 'Activity not available'
08-22 23:18:26.457  3796  3931 I ReactNativeJS: [AdsService] loadAndShowRewarded -> false (load failed)
08-22 23:18:29.138  3796  3931 I ReactNativeJS: Running "ReactLauncher"
08-22 23:18:29.148  3796  3931 E ReactNativeJS: 'Error requesting audio permission:', { [java.lang.IllegalStateException: Tried to use permissions API while not attached to an Activity.]
08-22 23:18:29.148  3796  3931 E ReactNativeJS:   nativeStackAndroid: 
08-22 23:18:29.148  3796  3931 E ReactNativeJS:    [ { lineNumber: 30,
08-22 23:18:29.148  3796  3931 E ReactNativeJS:        file: 'r8-map-id-9807257cde3f5a376d584be73727b6fc9c54726848cdfdbdabab9dd61d7a5456',
08-22 23:18:29.148  3796  3931 E ReactNativeJS:        methodName: 'getPermissionAwareActivity',
08-22 23:18:29.148  3796  3931 E ReactNativeJS:        class: 'com.facebook.react.modules.permissions.PermissionsModule' },
08-22 23:18:29.148  3796  3931 E ReactNativeJS:      { lineNumber: 11,
08-22 23:18:29.148  3796  3931 E ReactNativeJS:        file: 'r8-map-id-9807257cde3f5a376d584be73727b6fc9c54726848cdfdbdabab9dd61d7a5456',
08-22 23:18:29.148  3796  3931 E ReactNativeJS:        methodName: 'shouldShowRequestPermissionRationale',
08-22 23:18:29.148  3796  3931 E ReactNativeJS:        class: 'com.facebook.react.modules.permissions.PermissionsModule' },
08-22 23:18:29.148  3796  3931 E ReactNativeJS:      { lineNumber: -2,
08-22 23:18:29.148  3796  3931 E ReactNativeJS:        file: 'r8-map-id-9807257cde3f5a376d584be73727b6fc9c54726848cdfdbdabab9dd61d7a5456',
08-22 23:18:29.148  3796  3931 E ReactNativeJS:        methodName: 'run',
08-22 23:18:29.148  3796  3931 E ReactNativeJS:        class: 'com.facebook.jni.NativeRunnable' },
08-22 23:18:29.148  3796  3931 E ReactNativeJS:      { lineNumber: 942,
08-22 23:18:29.148  3796  3931 E ReactNativeJS:        file: 'Handler.java',
08-22 23:18:29.148  3796  3931 E ReactNativeJS:        methodName: 'handleCallback',
08-22 23:18:29.148  3796  3931 E ReactNativeJS:        class: 'android.os.Handler' },
08-22 23:18:29.148  3796  3931 E ReactNativeJS:      { lineNumber: 99,
08-22 23:18:29.148  3796  3931 E ReactNativeJS:        file: 'Handler.java',
08-22 23:18:29.148  3796  3931 E ReactNativeJS:        methodName: 'dispatchMessage',
08-22 23:18:29.148  3796  3931 E ReactNativeJS:        class: 'android.os.Handler' },
08-22 23:18:29.148  3796  3931 E ReactNativeJS:      { lineNumber: 6,
08-22 23:18:29.148  3796  3931 E ReactNativeJS:        file: 'r8-map-id-9807257cde3f5a376d584be73727b6fc9c54726848cdfdbdabab9dd61d7a5456',
08-22 23:18:29.148  3796  3931 E ReactNativeJS:        methodName: 'dispatchMessage',
08-22 23:18:29.148  3796  3931 E ReactNativeJS:        class: 'com.facebook.react.bridge.queue.MessageQueueThreadHandler' },
08-22 23:18:29.148  3796  3931 E ReactNativeJS:      { lineNumber: 226,
08-22 23:18:29.148  3796  3931 E ReactNativeJS:        file: 'Looper.java',
08-22 23:18:29.148  3796  3931 E ReactNativeJS:        methodName: 'loopOnce',
08-22 23:18:29.148  3796  3931 E ReactNativeJS:        class: 'android.os.Looper' },
08-22 23:18:29.148  3796  3931 E ReactNativeJS:      { lineNumber: 313,
08-22 23:18:29.148  3796  3931 E ReactNativeJS:        file: 'Looper.java',
08-22 23:18:29.148  3796  3931 E ReactNativeJS:        methodName: 'loop',
08-22 23:18:29.148  3796  3931 E ReactNativeJS:        class: 'android.os.Looper' },
08-22 23:18:29.148  3796  3931 E ReactNativeJS:      { lineNumber: 29,
08-22 23:18:29.148  3796  3931 E ReactNativeJS:        file: 'r8-map-id-9807257cde3f5a376d584be73727b6fc9c54726848cdfdbdabab9dd61d7a5456',
08-22 23:18:29.148  3796  3931 E ReactNativeJS:        methodName: 'startNewBackgroundThread$lambda$0',
08-22 23:18:29.148  3796  3931 E ReactNativeJS:        class: 'com.facebook.react.bridge.queue.MessageQueueThreadImpl$Companion' },
08-22 23:18:29.148  3796  3931 E ReactNativeJS:      { lineNumber: 1,
08-22 23:18:29.148  3796  3931 E ReactNativeJS:        file: 'r8-map-id-9807257cde3f5a376d584be73727b6fc9c54726848cdfdbdabab9dd61d7a5456',
08-22 23:18:29.148  3796  3931 E ReactNativeJS:        methodName: 'a',
08-22 23:18:29.148  3796  3931 E ReactNativeJS:        class: 'com.facebook.react.bridge.queue.MessageQueueThreadImpl$Companion' },
08-22 23:18:29.148  3796  3931 E ReactNativeJS:      { lineNumber: 1022,
08-22 23:18:29.148  3796  3931 E ReactNativeJS:        file: 'r8-map-id-9807257cde3f5a376d584be73727b6fc9c54726848cdfdbdabab9dd61d7a5456',
08-22 23:18:29.148  3796  3931 E ReactNativeJS:        methodName: 'run',
08-22 23:18:29.148  3796  3931 E ReactNativeJS:        class: 'UA' },
08-22 23:18:29.148  3796  3931 E ReactNativeJS:      { lineNumber: 1572,
08-22 23:18:29.148  3796  3931 E ReactNativeJS:        file: 'Thread.java',
08-22 23:18:29.148  3796  3931 E ReactNativeJS:        methodName: 'run',
08-22 23:18:29.148  3796  3931 E ReactNativeJS:        class: 'java.lang.Thread' } ],
08-22 23:18:29.148  3796  3931 E ReactNativeJS:   name: 'java.lang.IllegalStateException',
08-22 23:18:29.148  3796  3931 E ReactNativeJS:   userInfo: null,
08-22 23:18:29.148  3796  3931 E ReactNativeJS:   code: 'E_INVALID_ACTIVITY' }
08-22 23:18:29.152  3796  3932 I GameLauncher: Checking for crash: false (file: /storage/emulated/0/Android/data/ro.alynsampmobile.launcher/files/.crash_occurred)
08-22 23:18:29.164  3796  3931 I ReactNativeJS: App returned to foreground
08-22 23:18:29.558  3796  3931 I ReactNativeJS: [AdsService] Already initialized
08-22 23:18:29.862  3796  3931 I ReactNativeJS: 'Service status:', true, 'verified:', true
08-22 23:18:30.721  3796  3931 I ReactNativeJS: === checkUpdate() CALLED ===
08-22 23:18:30.721  3796  3931 I ReactNativeJS: Checking for updates...
08-22 23:18:30.749  3796  3931 I ReactNativeJS: 'Service status:', true, 'verified:', true
08-22 23:18:30.749  3796  3931 I ReactNativeJS: Service is open, checking for updates...
08-22 23:18:30.749  3796  3931 I ReactNativeJS: Server game version: 20.6.8, Local: 20.6.8
08-22 23:18:30.749  3796  3931 I ReactNativeJS: Checking game files...
08-22 23:18:30.749  3796  3931 I ReactNativeJS: === getFilesToUpdate() CALLED ===
08-22 23:18:30.750  3796  3931 I ReactNativeJS: 'Modify mode:', false
08-22 23:18:30.750  3796  3931 I ReactNativeJS: 'Fetching file list from:', 'https://alynsampmobile.pro/api/game-files'
08-22 23:18:32.577  3796  3931 I ReactNativeJS: 'API initialized successfully', { appStatus: true, appVersion: '20.6.8' }
08-22 23:18:36.238  3796  3931 I ReactNativeJS: Server has 283 files to check
08-22 23:18:36.238  3796  3931 I ReactNativeJS: 'gameFilesPath:', '/storage/emulated/0/Android/data/ro.alynsampmobile.launcher/files'
08-22 23:18:36.257  3796  3931 I ReactNativeJS: File OK: SAMP/SAMP.ide (89358 bytes)
08-22 23:18:36.263  3796  3931 I ReactNativeJS: File OK: SAMP/TIMECYC.DAT (40037 bytes)
08-22 23:18:36.267  3796  3931 I ReactNativeJS: File OK: SAMP/WEAPON.dat (11585 bytes)
08-22 23:18:36.277  3796  3931 I ReactNativeJS: File OK: SAMP/alyn_logo.png (2308685 bytes)
08-22 23:18:36.280  3796  3931 I ReactNativeJS: File OK: SAMP/blockpunch.png (117414 bytes)
08-22 23:18:36.284  3796  3931 I ReactNativeJS: File OK: SAMP/blockpunch_hover.png (90283 bytes)
08-22 23:18:36.289  3796  3931 I ReactNativeJS: File OK: SAMP/gta.dat (3789 bytes)
08-22 23:18:36.292  3796  3931 I ReactNativeJS: File OK: SAMP/handling.cfg (64532 bytes)
08-22 23:18:36.296  3796  3931 I ReactNativeJS: File OK: SAMP/main.scm (96997 bytes)
08-22 23:18:36.299  3796  3931 I ReactNativeJS: File OK: SAMP/peds.ide (36369 bytes)
08-22 23:18:36.307  3796  3931 I ReactNativeJS: App initialized successfully
08-22 23:18:36.308  3796  3931 I ReactNativeJS: File OK: SAMP/script.img (184320 bytes)
08-22 23:18:36.310  3796  3931 I ReactNativeJS: File OK: SAMP/tracks2.dat (1 bytes)
08-22 23:18:36.313  3796  3931 I ReactNativeJS: File OK: SAMP/tracks4.dat (1 bytes)
08-22 23:18:36.315  3796  3931 I ReactNativeJS: File OK: SAMP/vehicles.ide (21093 bytes)
08-22 23:18:36.319  3796  3931 I ReactNativeJS: File OK: anim/anim.img (10942464 bytes)
08-22 23:18:36.347  3796  3931 I ReactNativeJS: File OK: anim/cuts.img (16029696 bytes)
08-22 23:18:36.350  3796  3931 I ReactNativeJS: File OK: anim/ped.ifp (1433248 bytes)
08-22 23:18:36.359  3796  3931 I ReactNativeJS: File OK: audio/CONFIG/AudioEventHistory.txt (114056 bytes)
08-22 23:18:36.363  3796  3931 I ReactNativeJS: File OK: audio/CONFIG/BankLkup.dat (8520 bytes)
08-22 23:18:36.368  3796  3931 I ReactNativeJS: File OK: audio/CONFIG/BankSlot.dat (216902 bytes)
08-22 23:18:36.372  3796  3931 I ReactNativeJS: File OK: audio/CONFIG/EventVol.dat (45402 bytes)
08-22 23:18:36.377  3796  3931 I ReactNativeJS: File OK: audio/CONFIG/PakFiles.dat (468 bytes)
08-22 23:18:36.382  3796  3931 I ReactNativeJS: File OK: audio/CONFIG/SOUNDINF.DAT (746760 bytes)
08-22 23:18:36.388  3796  3931 I ReactNativeJS: Background keep-alive active: 300 ticks
08-22 23:18:36.412  3796  3931 I ReactNativeJS: File OK: audio/CONFIG/StrmPaks.dat (272 bytes)
08-22 23:18:36.441  3796  3931 I ReactNativeJS: File OK: audio/CONFIG/TRKHEAD.DAT (15506696 bytes)
08-22 23:18:36.444  3796  3931 I ReactNativeJS: File OK: audio/CONFIG/TrakLkup.dat (23064 bytes)
08-22 23:18:36.447  3796  3931 I ReactNativeJS: File OK: audio/SFX/FEET.osw (138118 bytes)
08-22 23:18:36.451  3796  3931 I ReactNativeJS: File OK: audio/SFX/FEET.osw.idx (1220 bytes)
08-22 23:18:36.485  3796  3931 I ReactNativeJS: File OK: audio/SFX/GENRL.osw (9362373 bytes)
08-22 23:18:36.491  3796  3931 I ReactNativeJS: File OK: audio/SFX/GENRL.osw.idx (20868 bytes)
08-22 23:18:36.502  3796  3931 I ReactNativeJS: File OK: audio/SFX/PAIN_A.osw (3247335 bytes)
08-22 23:18:36.511  3796  3931 I ReactNativeJS: File OK: audio/SFX/PAIN_A.osw.idx (12836 bytes)
08-22 23:18:36.520  3796  3931 I ReactNativeJS: File OK: audio/STREAMS/AA.osw (15462 bytes)
08-22 23:18:36.526  3796  3931 I ReactNativeJS: File OK: audio/STREAMS/AA.osw.idx (1522 bytes)
08-22 23:18:36.530  3796  3931 I ReactNativeJS: File OK: audio/STREAMS/ADVERTS.osw (3516982 bytes)
08-22 23:18:36.533  3796  3931 I ReactNativeJS: File OK: audio/STREAMS/ADVERTS.osw.idx (1591 bytes)
08-22 23:18:36.538  3796  3931 I ReactNativeJS: File OK: audio/STREAMS/AMBIENCE.osw (22719112 bytes)
08-22 23:18:36.542  3796  3931 I ReactNativeJS: File OK: audio/STREAMS/AMBIENCE.osw.idx (924 bytes)
08-22 23:18:36.544  3796  3931 I ReactNativeJS: File OK: audio/STREAMS/BEATS.osw (9415375 bytes)
08-22 23:18:36.547  3796  3931 I ReactNativeJS: File OK: audio/STREAMS/BEATS.osw.idx (234 bytes)
08-22 23:18:36.549  3796  3931 I ReactNativeJS: File OK: audio/STREAMS/CH.osw (15462 bytes)
08-22 23:18:36.554  3796  3931 I ReactNativeJS: File OK: audio/STREAMS/CH.osw.idx (2994 bytes)
08-22 23:18:36.558  3796  3931 I ReactNativeJS: File OK: audio/STREAMS/CO.osw (15462 bytes)
08-22 23:18:36.560  3796  3931 I ReactNativeJS: File OK: audio/STREAMS/CO.osw.idx (3569 bytes)
08-22 23:18:36.563  3796  3931 I ReactNativeJS: File OK: audio/STREAMS/CR.osw (15462 bytes)
08-22 23:18:36.564  3796  3931 I ReactNativeJS: File OK: audio/STREAMS/CR.osw.idx (3592 bytes)
08-22 23:18:36.584  3796  3931 I ReactNativeJS: File OK: audio/STREAMS/CUTSCENE.osw (301175 bytes)
08-22 23:18:36.591  3796  3931 I ReactNativeJS: File OK: audio/STREAMS/CUTSCENE.osw.idx (3247 bytes)
08-22 23:18:36.595  3796  3931 I ReactNativeJS: File OK: audio/STREAMS/DS.osw (15462 bytes)
08-22 23:18:36.600  3796  3931 I ReactNativeJS: File OK: audio/STREAMS/DS.osw.idx (4121 bytes)
08-22 23:18:36.605  3796  3931 I ReactNativeJS: File OK: audio/STREAMS/HC.osw (15462 bytes)
08-22 23:18:36.610  3796  3931 I ReactNativeJS: File OK: audio/STREAMS/HC.osw.idx (2649 bytes)
08-22 23:18:36.617  3796  3931 I ReactNativeJS: File OK: audio/STREAMS/MH.osw (15462 bytes)
08-22 23:18:36.655  3796  3931 I ReactNativeJS: File OK: audio/STREAMS/MH.osw.idx (3500 bytes)
08-22 23:18:36.659  3796  3931 I ReactNativeJS: File OK: audio/STREAMS/MR.osw (15462 bytes)
08-22 23:18:36.661  3796  3931 I ReactNativeJS: File OK: audio/STREAMS/MR.osw.idx (3385 bytes)
08-22 23:18:36.665  3796  3931 I ReactNativeJS: File OK: audio/STREAMS/NJ.osw (15462 bytes)
08-22 23:18:36.672  3796  3931 I ReactNativeJS: File OK: audio/STREAMS/NJ.osw.idx (2994 bytes)
08-22 23:18:36.674  3796  3931 I ReactNativeJS: File OK: audio/STREAMS/RE.osw (15462 bytes)
08-22 23:18:36.676  3796  3931 I ReactNativeJS: File OK: audio/STREAMS/RE.osw.idx (3707 bytes)
08-22 23:18:36.679  3796  3931 I ReactNativeJS: File OK: audio/STREAMS/RG.osw (15462 bytes)
08-22 23:18:36.682  3796  3931 I ReactNativeJS: File OK: audio/STREAMS/RG.osw.idx (3914 bytes)
08-22 23:18:36.686  3796  3931 I ReactNativeJS: File OK: audio/STREAMS/TK.osw (15462 bytes)
08-22 23:18:36.692  3796  3931 I ReactNativeJS: File OK: audio/STREAMS/TK.osw.idx (2327 bytes)
08-22 23:18:36.695  3796  3931 I ReactNativeJS: File OK: data/360Default1280x720.cfg (10898 bytes)
08-22 23:18:36.698  3796  3931 I ReactNativeJS: File OK: data/360Default960x720.cfg (10888 bytes)
08-22 23:18:36.761  3796  3931 I ReactNativeJS: File OK: data/Decision/Allowed/Cop.ped (4908 bytes)
08-22 23:18:36.765  3796  3931 I ReactNativeJS: File OK: data/Decision/Allowed/Fireman.ped (4435 bytes)
08-22 23:18:36.770  3796  3931 I ReactNativeJS: File OK: data/Decision/Allowed/GangMbr.ped (6194 bytes)
08-22 23:18:36.773  3796  3931 I ReactNativeJS: File OK: data/Decision/Allowed/Indoors.ped (2809 bytes)
08-22 23:18:36.775  3796  3931 I ReactNativeJS: File OK: data/Decision/Allowed/MISSION.grp (2758 bytes)
08-22 23:18:36.782  3796  3931 I ReactNativeJS: File OK: data/Decision/Allowed/RANDOM.grp (4623 bytes)
08-22 23:18:36.790  3796  3931 I ReactNativeJS: File OK: data/Decision/Allowed/RANDOM.ped (4142 bytes)
08-22 23:18:36.794  3796  3931 I ReactNativeJS: File OK: data/Decision/Allowed/RANDOM2.grp (4623 bytes)
08-22 23:18:36.798  3796  3931 I ReactNativeJS: File OK: data/Decision/Allowed/R_Norm.ped (6450 bytes)
08-22 23:18:36.823  3796  3931 I ReactNativeJS: File OK: data/Decision/Allowed/R_Tough.ped (6378 bytes)
08-22 23:18:36.828  3796  3931 I ReactNativeJS: File OK: data/Decision/Allowed/R_Weak.ped (6289 bytes)
08-22 23:18:36.842  3796  3931 I ReactNativeJS: File OK: data/Decision/Allowed/m_empty.ped (982 bytes)
08-22 23:18:36.845  3796  3931 I ReactNativeJS: File OK: data/Decision/Allowed/m_norm.ped (4142 bytes)
08-22 23:18:36.850  3796  3931 I ReactNativeJS: File OK: data/Decision/Allowed/m_plyr.ped (2000 bytes)
08-22 23:18:36.863  3796  3931 I ReactNativeJS: File OK: data/Decision/Allowed/m_steal.ped (3663 bytes)
08-22 23:18:36.896  3796  3931 I ReactNativeJS: File OK: data/Decision/Allowed/m_tough.ped (3980 bytes)
08-22 23:18:36.899  3796  3931 I ReactNativeJS: File OK: data/Decision/Allowed/m_weak.ped (4062 bytes)
08-22 23:18:36.904  3796  3931 I ReactNativeJS: File OK: data/Decision/PedEvent.txt (1298 bytes)
08-22 23:18:36.908  3796  3931 I ReactNativeJS: File OK: data/ShopUVs.dat (30509 bytes)
08-22 23:18:36.918  3796  3931 I ReactNativeJS: File OK: data/TouchDefaultPhone3x2.cfg (10912 bytes)
08-22 23:18:36.939  3796  3931 I ReactNativeJS: File OK: data/TouchDefaultPhoneWidescreen.cfg (10924 bytes)
08-22 23:18:36.945  3796  3931 I ReactNativeJS: File OK: data/TouchDefaultTablet4x3.cfg (10926 bytes)
08-22 23:18:36.965  3796  3931 I ReactNativeJS: File OK: data/TouchDefaultTabletWidescreen.cfg (10923 bytes)
08-22 23:18:37.006  3796  3931 I ReactNativeJS: File OK: data/animgrp.dat (3096 bytes)
08-22 23:18:37.020  3796  3931 I ReactNativeJS: File OK: data/ar_stats.dat (3593 bytes)
08-22 23:18:37.039  3796  3931 I ReactNativeJS: File OK: data/carcols.dat (15361 bytes)
08-22 23:18:37.054  3796  3931 I ReactNativeJS: File OK: data/cargrp.dat (3909 bytes)
08-22 23:18:37.059  3796  3931 I ReactNativeJS: File OK: data/carmods.dat (8763 bytes)
08-22 23:18:37.065  3796  3931 I ReactNativeJS: File OK: data/clothes.dat (5317 bytes)
08-22 23:18:37.069  3796  3931 I ReactNativeJS: File OK: data/colorcycle.dat (13612 bytes)
08-22 23:18:37.092  3796  3931 I ReactNativeJS: File OK: data/default.dat (577 bytes)
08-22 23:18:37.102  3796  3931 I ReactNativeJS: File OK: data/default.ide (4679 bytes)
08-22 23:18:37.104  3796  3931 I ReactNativeJS: File OK: data/fonts.dat (3576 bytes)
08-22 23:18:37.106  3796  3931 I ReactNativeJS: File OK: data/furnitur.dat (16480 bytes)
08-22 23:18:37.111  3796  3931 I ReactNativeJS: File OK: data/gridref.dat (1498 bytes)
08-22 23:18:37.119  3796  3931 I ReactNativeJS: File OK: data/gta.dat (3776 bytes)
08-22 23:18:37.121  3796  3931 I ReactNativeJS: File OK: data/handling.cfg (64532 bytes)
08-22 23:18:37.124  3796  3931 I ReactNativeJS: File OK: data/info.zon (28139 bytes)
08-22 23:18:37.127  3796  3931 I ReactNativeJS: File OK: data/mainV1.scm (3169778 bytes)
08-22 23:18:37.130  3796  3931 I ReactNativeJS: File OK: data/map.zon (436 bytes)
08-22 23:18:37.138  3796  3931 I ReactNativeJS: File OK: data/maps/Audiozon.ipl (10802 bytes)
08-22 23:18:37.146  3796  3931 I ReactNativeJS: File OK: data/maps/LA/LAe.ide (12249 bytes)
08-22 23:18:37.154  3796  3931 I ReactNativeJS: File OK: data/maps/LA/LAe.ipl (27328 bytes)
08-22 23:18:37.159  3796  3931 I ReactNativeJS: File OK: data/maps/LA/LAe2.ide (21907 bytes)
08-22 23:18:37.164  3796  3931 I ReactNativeJS: File OK: data/maps/LA/LAe2.ipl (33651 bytes)
08-22 23:18:37.167  3796  3931 I ReactNativeJS: File OK: data/maps/LA/LAhills.ide (10601 bytes)
08-22 23:18:37.171  3796  3931 I ReactNativeJS: File OK: data/maps/LA/LAhills.ipl (34506 bytes)
08-22 23:18:37.177  3796  3931 I ReactNativeJS: File OK: data/maps/LA/LAn.ide (11107 bytes)
08-22 23:18:37.185  3796  3931 I ReactNativeJS: File OK: data/maps/LA/LAn.ipl (14264 bytes)
08-22 23:18:37.190  3796  3931 I ReactNativeJS: File OK: data/maps/LA/LAn2.ide (9565 bytes)
08-22 23:18:37.205  3796  3931 I ReactNativeJS: File OK: data/maps/LA/LAn2.ipl (13185 bytes)
08-22 23:18:37.207  3796  3931 I ReactNativeJS: File OK: data/maps/LA/LAs.ide (12575 bytes)
08-22 23:18:37.211  3796  3931 I ReactNativeJS: File OK: data/maps/LA/LAs.ipl (22414 bytes)
08-22 23:18:37.224  3796  3931 I ReactNativeJS: File OK: data/maps/LA/LAs2.ide (12364 bytes)
08-22 23:18:37.227  3796  3931 I ReactNativeJS: File OK: data/maps/LA/LAs2.ipl (38441 bytes)
08-22 23:18:37.231  3796  3931 I ReactNativeJS: File OK: data/maps/LA/LAw.ide (9412 bytes)
08-22 23:18:37.242  3796  3931 I ReactNativeJS: File OK: data/maps/LA/LAw.ipl (15105 bytes)
08-22 23:18:37.375  3796  3931 I ReactNativeJS: File OK: data/maps/LA/LAw2.ide (11060 bytes)
08-22 23:18:37.382  3796  3931 I ReactNativeJS: File OK: data/maps/LA/LAw2.ipl (18232 bytes)
08-22 23:18:37.386  3796  3931 I ReactNativeJS: File OK: data/maps/LA/LAxref.ide (10477 bytes)
08-22 23:18:37.389  3796  3931 I ReactNativeJS: File OK: data/maps/LA/LaWn.ide (13092 bytes)
08-22 23:18:37.393  3796  3931 I ReactNativeJS: File OK: data/maps/LA/LaWn.ipl (24330 bytes)
08-22 23:18:37.411  3796  3931 I ReactNativeJS: File OK: data/maps/SF/SFSe.ide (30227 bytes)
08-22 23:18:37.419  3796  3931 I ReactNativeJS: File OK: data/maps/SF/SFSe.ipl (53359 bytes)
08-22 23:18:37.423  3796  3931 I ReactNativeJS: File OK: data/maps/SF/SFe.ide (16224 bytes)
08-22 23:18:37.437  3796  3931 I ReactNativeJS: File OK: data/maps/SF/SFe.ipl (26707 bytes)
08-22 23:18:37.464  3796  3931 I ReactNativeJS: File OK: data/maps/SF/SFn.ide (11219 bytes)
08-22 23:18:37.470  3796  3931 I ReactNativeJS: File OK: data/maps/SF/SFn.ipl (26201 bytes)
08-22 23:18:37.480  3796  3931 I ReactNativeJS: File OK: data/maps/SF/SFs.ide (18948 bytes)
08-22 23:18:37.568  3796  3931 I ReactNativeJS: File OK: data/maps/SF/SFs.ipl (37969 bytes)
08-22 23:18:37.576  3796  3931 I ReactNativeJS: File OK: data/maps/SF/SFw.ide (16473 bytes)
08-22 23:18:37.583  3796  3931 I ReactNativeJS: File OK: data/maps/SF/SFw.ipl (29247 bytes)
08-22 23:18:37.588  3796  3931 I ReactNativeJS: File OK: data/maps/SF/SFxref.ide (4631 bytes)
08-22 23:18:37.620  3796  3931 I ReactNativeJS: File OK: data/maps/country/countn2.ide (35439 bytes)
08-22 23:18:37.623  3796  3931 I ReactNativeJS: File OK: data/maps/country/countn2.ipl (41665 bytes)
08-22 23:18:37.627  3796  3931 I ReactNativeJS: File OK: data/maps/country/countryN.ide (11308 bytes)
08-22 23:18:37.639  3796  3931 I ReactNativeJS: File OK: data/maps/country/countryN.ipl (14407 bytes)
08-22 23:18:37.653  3796  3931 I ReactNativeJS: File OK: data/maps/country/countryS.ide (18450 bytes)
08-22 23:18:37.658  3796  3931 I ReactNativeJS: File OK: data/maps/country/countryS.ipl (33835 bytes)
08-22 23:18:37.671  3796  3931 I ReactNativeJS: File OK: data/maps/country/countryW.ide (19704 bytes)
08-22 23:18:37.686  3796  3931 I ReactNativeJS: File OK: data/maps/country/countrye.ide (34529 bytes)
08-22 23:18:37.693  3796  3931 I ReactNativeJS: File OK: data/maps/country/countrye.ipl (49301 bytes)
08-22 23:18:37.702  3796  3931 I ReactNativeJS: File OK: data/maps/country/countryw.ipl (35057 bytes)
08-22 23:18:37.706  3796  3931 I ReactNativeJS: File OK: data/maps/country/counxref.ide (8494 bytes)
08-22 23:18:37.711  3796  3931 I ReactNativeJS: File OK: data/maps/cull.ipl (104318 bytes)
08-22 23:18:37.725  3796  3931 I ReactNativeJS: File OK: data/maps/generic/barriers.ide (1437 bytes)
08-22 23:18:37.728  3796  3931 I ReactNativeJS: File OK: data/maps/generic/dynamic.ide (4611 bytes)
08-22 23:18:37.735  3796  3931 I ReactNativeJS: File OK: data/maps/generic/dynamic2.ide (10510 bytes)
08-22 23:18:37.743  3796  3931 I ReactNativeJS: File OK: data/maps/generic/multiobj.ide (5020 bytes)
08-22 23:18:37.752  3796  3931 I ReactNativeJS: File OK: data/maps/generic/procobj.ide (4755 bytes)
08-22 23:18:37.758  3796  3931 I ReactNativeJS: File OK: data/maps/generic/vegepart.ide (8062 bytes)
08-22 23:18:37.763  3796  3931 I ReactNativeJS: File OK: data/maps/interior/gen_int1.ide (2747 bytes)
08-22 23:18:37.824  3796  3931 I ReactNativeJS: File OK: data/maps/interior/gen_int1.ipl (21074 bytes)
08-22 23:18:37.838  3796  3931 I ReactNativeJS: File OK: data/maps/interior/gen_int2.ide (10941 bytes)
08-22 23:18:37.858  3796  3931 I ReactNativeJS: File OK: data/maps/interior/gen_int2.ipl (1683 bytes)
08-22 23:18:37.866  3796  3931 I ReactNativeJS: File OK: data/maps/interior/gen_int3.ide (3252 bytes)
08-22 23:18:37.875  3796  3931 I ReactNativeJS: File OK: data/maps/interior/gen_int3.ipl (2091 bytes)
08-22 23:18:37.888  3796  3931 I ReactNativeJS: File OK: data/maps/interior/gen_int4.ide (2323 bytes)
08-22 23:18:37.893  3796  3931 I ReactNativeJS: File OK: data/maps/interior/gen_int4.ipl (1185 bytes)
08-22 23:18:37.906  3796  3931 I ReactNativeJS: File OK: data/maps/interior/gen_int5.ide (4682 bytes)
08-22 23:18:37.929  3796  3931 I ReactNativeJS: File OK: data/maps/interior/gen_int5.ipl (2988 bytes)
08-22 23:18:37.950  3796  3931 I ReactNativeJS: File OK: data/maps/interior/gen_intb.ide (5459 bytes)
08-22 23:18:37.957  3796  3931 I ReactNativeJS: File OK: data/maps/interior/gen_intb.ipl (1626 bytes)
08-22 23:18:37.959  3796  3931 I ReactNativeJS: File OK: data/maps/interior/int_LA.ide (6004 bytes)
08-22 23:18:37.970  3796  3931 I ReactNativeJS: File OK: data/maps/interior/int_LA.ipl (1312 bytes)
08-22 23:18:37.973  3796  3931 I ReactNativeJS: File OK: data/maps/interior/int_SF.ide (1260 bytes)
08-22 23:18:37.979  3796  3931 I ReactNativeJS: File OK: data/maps/interior/int_SF.ipl (1334 bytes)
08-22 23:18:37.985  3796  3931 I ReactNativeJS: File OK: data/maps/interior/int_cont.ide (385 bytes)
08-22 23:18:37.997  3796  3931 I ReactNativeJS: File OK: data/maps/interior/int_cont.ipl (910 bytes)
08-22 23:18:38.003  3796  3931 I ReactNativeJS: File OK: data/maps/interior/int_veg.ide (4684 bytes)
08-22 23:18:38.011  3796  3931 I ReactNativeJS: File OK: data/maps/interior/int_veg.ipl (5299 bytes)
08-22 23:18:38.084  3796  3931 I ReactNativeJS: File OK: data/maps/interior/propext.ide (2340 bytes)
08-22 23:18:38.109  3796  3931 I ReactNativeJS: File OK: data/maps/interior/props.ide (26326 bytes)
08-22 23:18:38.113  3796  3931 I ReactNativeJS: File OK: data/maps/interior/props2.ide (21174 bytes)
08-22 23:18:38.122  3796  3931 I ReactNativeJS: File OK: data/maps/interior/savehous.ide (1724 bytes)
08-22 23:18:38.137  3796  3931 I ReactNativeJS: File OK: data/maps/interior/savehous.ipl (2959 bytes)
08-22 23:18:38.142  3796  3931 I ReactNativeJS: File OK: data/maps/interior/stadint.ide (2851 bytes)
08-22 23:18:38.154  3796  3931 I ReactNativeJS: File OK: data/maps/interior/stadint.ipl (6299 bytes)
08-22 23:18:38.169  3796  3931 I ReactNativeJS: File OK: data/maps/leveldes/leveldes.ide (360 bytes)
08-22 23:18:38.191  3796  3931 I ReactNativeJS: File OK: data/maps/leveldes/leveldes.ipl (165 bytes)
08-22 23:18:38.221  3796  3931 I ReactNativeJS: File OK: data/maps/leveldes/levelmap.ide (3194 bytes)
08-22 23:18:38.230  3796  3931 I ReactNativeJS: File OK: data/maps/leveldes/levelmap.ipl (4675 bytes)
08-22 23:18:38.238  3796  3931 I ReactNativeJS: File OK: data/maps/leveldes/levelxre.ide (9897 bytes)
08-22 23:18:38.243  3796  3931 I ReactNativeJS: File OK: data/maps/leveldes/seabed.ide (12039 bytes)
08-22 23:18:38.251  3796  3931 I ReactNativeJS: File OK: data/maps/leveldes/seabed.ipl (23342 bytes)
08-22 23:18:38.256  3796  3931 I ReactNativeJS: File OK: data/maps/occlu.ipl (1012 bytes)
08-22 23:18:38.272  3796  3931 I ReactNativeJS: File OK: data/maps/occluLA.ipl (35956 bytes)
08-22 23:18:38.337  3796  3931 I ReactNativeJS: File OK: data/maps/occluint.ipl (2338 bytes)
08-22 23:18:38.354  3796  3931 I ReactNativeJS: File OK: data/maps/occlusf.ipl (16114 bytes)
08-22 23:18:38.363  3796  3931 I ReactNativeJS: File OK: data/maps/occluveg.ipl (17944 bytes)
08-22 23:18:38.381  3796  3931 I ReactNativeJS: File OK: data/maps/paths.ipl (2658607 bytes)
08-22 23:18:38.385  3796  3931 I ReactNativeJS: File OK: data/maps/paths2.ipl (2292241 bytes)
08-22 23:18:38.390  3796  3931 I ReactNativeJS: File OK: data/maps/paths3.ipl (2428066 bytes)
08-22 23:18:38.398  3796  3931 I ReactNativeJS: File OK: data/maps/paths4.ipl (253014 bytes)
08-22 23:18:38.402  3796  3931 I ReactNativeJS: File OK: data/maps/paths5.ipl (457678 bytes)
08-22 23:18:38.415  3796  3931 I ReactNativeJS: File OK: data/maps/tunnels.ipl (3230 bytes)
08-22 23:18:38.420  3796  3931 I ReactNativeJS: File OK: data/maps/vegas/VegasN.ide (23715 bytes)
08-22 23:18:38.429  3796  3931 I ReactNativeJS: File OK: data/maps/vegas/VegasS.ide (18656 bytes)
08-22 23:18:38.434  3796  3931 I ReactNativeJS: File OK: data/maps/vegas/VegasW.ide (25456 bytes)
08-22 23:18:38.439  3796  3931 I ReactNativeJS: File OK: data/maps/vegas/vegasE.ide (35542 bytes)
08-22 23:18:38.452  3796  3931 I ReactNativeJS: File OK: data/maps/vegas/vegasE.ipl (61084 bytes)
08-22 23:18:38.454  3796  3931 I ReactNativeJS: File OK: data/maps/vegas/vegasN.ipl (36651 bytes)
08-22 23:18:38.461  3796  3931 I ReactNativeJS: File OK: data/maps/vegas/vegasS.ipl (30343 bytes)
08-22 23:18:38.464  3796  3931 I ReactNativeJS: File OK: data/maps/vegas/vegasW.ipl (49867 bytes)
08-22 23:18:38.466  3796  3931 I ReactNativeJS: File OK: data/maps/vegas/vegaxref.ide (5751 bytes)
08-22 23:18:38.483  3796  3931 I ReactNativeJS: File OK: data/maps/vegas/vegaxref.ipl (3661 bytes)
08-22 23:18:38.490  3796  3931 I ReactNativeJS: File OK: data/maps/veh_mods/veh_mods.ide (7323 bytes)
08-22 23:18:38.499  3796  3931 I ReactNativeJS: File OK: data/melee.dat (6306 bytes)
08-22 23:18:38.502  3796  3931 I ReactNativeJS: File OK: data/object.dat (126118 bytes)
08-22 23:18:38.504  3796  3931 I ReactNativeJS: File OK: data/paths/ROADBLOX.DAT (1304 bytes)
08-22 23:18:38.509  3796  3931 I ReactNativeJS: File OK: data/paths/carrec.img (2357248 bytes)
08-22 23:18:38.514  3796  3931 I ReactNativeJS: File OK: data/paths/tracks.dat (25474 bytes)
08-22 23:18:38.516  3796  3931 I ReactNativeJS: File OK: data/paths/tracks2.dat (1892 bytes)
08-22 23:18:38.519  3796  3931 I ReactNativeJS: File OK: data/paths/tracks3.dat (8328 bytes)
08-22 23:18:38.521  3796  3931 I ReactNativeJS: File OK: data/paths/tracks4.dat (18347 bytes)
08-22 23:18:38.524  3796  3931 I ReactNativeJS: File OK: data/ped.dat (1276 bytes)
08-22 23:18:38.529  3796  3931 I ReactNativeJS: File OK: data/pedgrp.dat (5792 bytes)
08-22 23:18:38.534  3796  3931 I ReactNativeJS: File OK: data/peds.ide (33401 bytes)
08-22 23:18:38.540  3796  3931 I ReactNativeJS: File OK: data/pedstats.dat (3604 bytes)
08-22 23:18:38.591  3796  3931 I ReactNativeJS: File OK: data/plants.dat (9887 bytes)
08-22 23:18:38.595  3796  3931 I ReactNativeJS: File OK: data/popcycle.dat (127108 bytes)
08-22 23:18:38.600  3796  3931 I ReactNativeJS: File OK: data/procobj.dat (10019 bytes)
08-22 23:18:38.604  3796  3931 I ReactNativeJS: File OK: data/script/mainV1.scm (3169739 bytes)
08-22 23:18:38.607  3796  3931 I ReactNativeJS: File OK: data/script/scriptv1.img (561152 bytes)
08-22 23:18:38.614  3796  3931 I ReactNativeJS: File OK: data/scriptv1.img (561152 bytes)
08-22 23:18:38.618  3796  3931 I ReactNativeJS: File OK: data/shopping.dat (46875 bytes)
08-22 23:18:38.621  3796  3931 I ReactNativeJS: File OK: data/statdisp.dat (7292 bytes)
08-22 23:18:38.623  3796  3931 I ReactNativeJS: File OK: data/surface.dat (576 bytes)
08-22 23:18:38.629  3796  3931 I ReactNativeJS: File OK: data/surfaud.dat (6530 bytes)
08-22 23:18:38.631  3796  3931 I ReactNativeJS: File OK: data/surfinfo.dat (28106 bytes)
08-22 23:18:38.633  3796  3931 I ReactNativeJS: File OK: data/timecyc.dat (40037 bytes)
08-22 23:18:38.635  3796  3931 I ReactNativeJS: File OK: data/txdcut.ide (478 bytes)
08-22 23:18:38.637  3796  3931 I ReactNativeJS: File OK: data/vehicles.ide (21093 bytes)
08-22 23:18:38.638  3796  3931 I ReactNativeJS: File OK: data/water.dat (70099 bytes)
08-22 23:18:38.639  3796  3931 I ReactNativeJS: File OK: data/water1.dat (60063 bytes)
08-22 23:18:38.644  3796  3931 I ReactNativeJS: File OK: data/weapon.dat (11602 bytes)
08-22 23:18:38.646  3796  3931 I ReactNativeJS: File OK: fonts/arial_bold.ttf (352224 bytes)
08-22 23:18:38.648  3796  3931 I ReactNativeJS: File OK: fonts/gtaweap3.ttf (104004 bytes)
08-22 23:18:38.649  3796  3931 I ReactNativeJS: File OK: fonts/sampaux3.ttf (7376 bytes)
08-22 23:18:38.650  3796  3931 I ReactNativeJS: File OK: models/coll/peds.col (21477 bytes)
08-22 23:18:38.652  3796  3931 I ReactNativeJS: File OK: models/coll/vehicles.col (1096 bytes)
08-22 23:18:38.653  3796  3931 I ReactNativeJS: File OK: models/coll/weapons.col (560 bytes)
08-22 23:18:38.654  3796  3931 I ReactNativeJS: File OK: models/effects.fxp (616708 bytes)
08-22 23:18:38.655  3796  3931 I ReactNativeJS: File OK: stream.ini (197 bytes)
08-22 23:18:38.656  3796  3931 I ReactNativeJS: File OK: texdb/SAMPCOL.img (4253696 bytes)
08-22 23:18:38.656  3796  3931 I ReactNativeJS: Missing file: texdb/gta3/gta3.dxt.dat
08-22 23:18:38.660  3796  3931 I ReactNativeJS: File OK: texdb/gta3/gta3.dxt.tmb (525340 bytes)
08-22 23:18:38.662  3796  3931 I ReactNativeJS: File OK: texdb/gta3/gta3.dxt.toc (49784 bytes)
08-22 23:18:38.664  3796  3931 I ReactNativeJS: File OK: texdb/gta3/gta3.txt (792665 bytes)
08-22 23:18:38.665  3796  3931 I ReactNativeJS: Missing file: texdb/gta3.img
08-22 23:18:38.666  3796  3931 I ReactNativeJS: Missing file: texdb/gta_int/gta_int.dxt.dat
08-22 23:18:38.667  3796  3931 I ReactNativeJS: File OK: texdb/gta_int/gta_int.dxt.tmb (663408 bytes)
08-22 23:18:38.667  3796  3931 I ReactNativeJS: File OK: texdb/gta_int/gta_int.dxt.toc (10132 bytes)
08-22 23:18:38.668  3796  3931 I ReactNativeJS: File OK: texdb/gta_int/gta_int.txt (174099 bytes)
08-22 23:18:38.669  3796  3931 I ReactNativeJS: Missing file: texdb/gta_int.img
08-22 23:18:38.670  3796  3931 I ReactNativeJS: File OK: texdb/menu/menu.pvr.dat (6472908 bytes)
08-22 23:18:38.671  3796  3931 I ReactNativeJS: File OK: texdb/menu/menu.pvr.tmb (992 bytes)
08-22 23:18:38.672  3796  3931 I ReactNativeJS: File OK: texdb/menu/menu.pvr.toc (176 bytes)
08-22 23:18:38.674  3796  3931 I ReactNativeJS: File OK: texdb/menu/menu.txt (3147 bytes)
08-22 23:18:38.676  3796  3931 I ReactNativeJS: Missing file: texdb/mobile/mobile.dxt.dat
08-22 23:18:38.679  3796  3931 I ReactNativeJS: File OK: texdb/mobile/mobile.dxt.tmb (3940 bytes)
08-22 23:18:38.681  3796  3931 I ReactNativeJS: File OK: texdb/mobile/mobile.dxt.toc (792 bytes)
08-22 23:18:38.682  3796  3931 I ReactNativeJS: File OK: texdb/mobile/mobile.txt (14502 bytes)
08-22 23:18:38.683  3796  3931 I ReactNativeJS: Missing file: texdb/player/player.pvr.dat
08-22 23:18:38.684  3796  3931 I ReactNativeJS: Missing file: texdb/player/player.pvr.tmb
08-22 23:18:38.685  3796  3931 I ReactNativeJS: Missing file: texdb/player/player.pvr.toc
08-22 23:18:38.686  3796  3931 I ReactNativeJS: Missing file: texdb/player/player.txt
08-22 23:18:38.687  3796  3931 I ReactNativeJS: Missing file: texdb/player.img
08-22 23:18:38.688  3796  3931 I ReactNativeJS: Missing file: texdb/samp/samp.dxt.dat
08-22 23:18:38.689  3796  3931 I ReactNativeJS: Missing file: texdb/samp/samp.dxt.tmb
08-22 23:18:38.690  3796  3931 I ReactNativeJS: Missing file: texdb/samp/samp.dxt.toc
08-22 23:18:38.691  3796  3931 I ReactNativeJS: Missing file: texdb/samp/samp.txt
08-22 23:18:38.692  3796  3931 I ReactNativeJS: Missing file: texdb/samp.img
08-22 23:18:38.694  3796  3931 I ReactNativeJS: Missing file: texdb/txd/txd.dxt.dat
08-22 23:18:38.696  3796  3931 I ReactNativeJS: Missing file: texdb/txd/txd.dxt.tmb
08-22 23:18:38.697  3796  3931 I ReactNativeJS: Missing file: texdb/txd/txd.dxt.toc
08-22 23:18:38.698  3796  3931 I ReactNativeJS: Missing file: texdb/txd/txd.txt
08-22 23:18:38.698  3796  3931 I ReactNativeJS: Total files to update: 19 (19 missing, 0 mismatched)
08-22 23:18:38.698  3796  3931 I ReactNativeJS: Game files update required
08-22 23:18:39.840  3796  3931 I ReactNativeJS: Starting game files update with NATIVE BATCH downloader...
08-22 23:18:39.840  3796  3931 I ReactNativeJS: Total files to download: 19, Total size: 623499631 bytes
08-22 23:18:39.866  3796  3931 I ReactNativeJS: [AdsService] Rewarded loaded (ready to show)
08-22 23:18:39.880  3796  3931 I ReactNativeJS: [AdsService] Rewarded ad shown successfully
08-22 23:18:39.909  3796  3931 I ReactNativeJS: Foreground service started
08-22 23:18:39.910  3796  3931 I ReactNativeJS: Batch download started in native code - will continue in background!
08-22 23:18:40.102  3796  3931 I ReactNativeJS: App moved to background during download - keeping JavaScript active
08-22 23:23:14.955  3796  3931 I ReactNativeJS: [AdsService] loadAndShowRewarded -> true (success event)
08-22 23:23:14.957  3796  3931 E ReactNativeJS: '[AdsService] Failed to load rewarded ad:', 'Activity not available'
08-22 23:23:14.963  3796  3931 I ReactNativeJS: [AdsService] loadAndShowRewarded -> false (load failed)
08-22 23:23:21.301  3796  3931 I ReactNativeJS: Running "ReactLauncher"
08-22 23:23:21.317  3796  3931 E ReactNativeJS: 'Error requesting audio permission:', { [java.lang.IllegalStateException: Tried to use permissions API while not attached to an Activity.]
08-22 23:23:21.317  3796  3931 E ReactNativeJS:   nativeStackAndroid: 
08-22 23:23:21.317  3796  3931 E ReactNativeJS:    [ { lineNumber: 30,
08-22 23:23:21.317  3796  3931 E ReactNativeJS:        file: 'r8-map-id-9807257cde3f5a376d584be73727b6fc9c54726848cdfdbdabab9dd61d7a5456',
08-22 23:23:21.317  3796  3931 E ReactNativeJS:        methodName: 'getPermissionAwareActivity',
08-22 23:23:21.317  3796  3931 E ReactNativeJS:        class: 'com.facebook.react.modules.permissions.PermissionsModule' },
08-22 23:23:21.317  3796  3931 E ReactNativeJS:      { lineNumber: 11,
08-22 23:23:21.317  3796  3931 E ReactNativeJS:        file: 'r8-map-id-9807257cde3f5a376d584be73727b6fc9c54726848cdfdbdabab9dd61d7a5456',
08-22 23:23:21.317  3796  3931 E ReactNativeJS:        methodName: 'shouldShowRequestPermissionRationale',
08-22 23:23:21.317  3796  3931 E ReactNativeJS:        class: 'com.facebook.react.modules.permissions.PermissionsModule' },
08-22 23:23:21.317  3796  3931 E ReactNativeJS:      { lineNumber: -2,
08-22 23:23:21.317  3796  3931 E ReactNativeJS:        file: 'r8-map-id-9807257cde3f5a376d584be73727b6fc9c54726848cdfdbdabab9dd61d7a5456',
08-22 23:23:21.317  3796  3931 E ReactNativeJS:        methodName: 'run',
08-22 23:23:21.317  3796  3931 E ReactNativeJS:        class: 'com.facebook.jni.NativeRunnable' },
08-22 23:23:21.317  3796  3931 E ReactNativeJS:      { lineNumber: 942,
08-22 23:23:21.317  3796  3931 E ReactNativeJS:        file: 'Handler.java',
08-22 23:23:21.317  3796  3931 E ReactNativeJS:        methodName: 'handleCallback',
08-22 23:23:21.317  3796  3931 E ReactNativeJS:        class: 'android.os.Handler' },
08-22 23:23:21.317  3796  3931 E ReactNativeJS:      { lineNumber: 99,
08-22 23:23:21.317  3796  3931 E ReactNativeJS:        file: 'Handler.java',
08-22 23:23:21.317  3796  3931 E ReactNativeJS:        methodName: 'dispatchMessage',
08-22 23:23:21.317  3796  3931 E ReactNativeJS:        class: 'android.os.Handler' },
08-22 23:23:21.317  3796  3931 E ReactNativeJS:      { lineNumber: 6,
08-22 23:23:21.317  3796  3931 E ReactNativeJS:        file: 'r8-map-id-9807257cde3f5a376d584be73727b6fc9c54726848cdfdbdabab9dd61d7a5456',
08-22 23:23:21.317  3796  3931 E ReactNativeJS:        methodName: 'dispatchMessage',
08-22 23:23:21.317  3796  3931 E ReactNativeJS:        class: 'com.facebook.react.bridge.queue.MessageQueueThreadHandler' },
08-22 23:23:21.317  3796  3931 E ReactNativeJS:      { lineNumber: 226,
08-22 23:23:21.317  3796  3931 E ReactNativeJS:        file: 'Looper.java',
08-22 23:23:21.317  3796  3931 E ReactNativeJS:        methodName: 'loopOnce',
08-22 23:23:21.317  3796  3931 E ReactNativeJS:        class: 'android.os.Looper' },
08-22 23:23:21.317  3796  3931 E ReactNativeJS:      { lineNumber: 313,
08-22 23:23:21.317  3796  3931 E ReactNativeJS:        file: 'Looper.java',
08-22 23:23:21.317  3796  3931 E ReactNativeJS:        methodName: 'loop',
08-22 23:23:21.317  3796  3931 E ReactNativeJS:        class: 'android.os.Looper' },
08-22 23:23:21.317  3796  3931 E ReactNativeJS:      { lineNumber: 29,
08-22 23:23:21.317  3796  3931 E ReactNativeJS:        file: 'r8-map-id-9807257cde3f5a376d584be73727b6fc9c54726848cdfdbdabab9dd61d7a5456',
08-22 23:23:21.317  3796  3931 E ReactNativeJS:        methodName: 'startNewBackgroundThread$lambda$0',
08-22 23:23:21.317  3796  3931 E ReactNativeJS:        class: 'com.facebook.react.bridge.queue.MessageQueueThreadImpl$Companion' },
08-22 23:23:21.317  3796  3931 E ReactNativeJS:      { lineNumber: 1,
08-22 23:23:21.317  3796  3931 E ReactNativeJS:        file: 'r8-map-id-9807257cde3f5a376d584be73727b6fc9c54726848cdfdbdabab9dd61d7a5456',
08-22 23:23:21.317  3796  3931 E ReactNativeJS:        methodName: 'a',
08-22 23:23:21.317  3796  3931 E ReactNativeJS:        class: 'com.facebook.react.bridge.queue.MessageQueueThreadImpl$Companion' },
08-22 23:23:21.317  3796  3931 E ReactNativeJS:      { lineNumber: 1022,
08-22 23:23:21.317  3796  3931 E ReactNativeJS:        file: 'r8-map-id-9807257cde3f5a376d584be73727b6fc9c54726848cdfdbdabab9dd61d7a5456',
08-22 23:23:21.317  3796  3931 E ReactNativeJS:        methodName: 'run',
08-22 23:23:21.317  3796  3931 E ReactNativeJS:        class: 'UA' },
08-22 23:23:21.317  3796  3931 E ReactNativeJS:      { lineNumber: 1572,
08-22 23:23:21.317  3796  3931 E ReactNativeJS:        file: 'Thread.java',
08-22 23:23:21.317  3796  3931 E ReactNativeJS:        methodName: 'run',
08-22 23:23:21.317  3796  3931 E ReactNativeJS:        class: 'java.lang.Thread' } ],
08-22 23:23:21.317  3796  3931 E ReactNativeJS:   name: 'java.lang.IllegalStateException',
08-22 23:23:21.317  3796  3931 E ReactNativeJS:   userInfo: null,
08-22 23:23:21.317  3796  3931 E ReactNativeJS:   code: 'E_INVALID_ACTIVITY' }
08-22 23:23:21.325  3796  3932 I GameLauncher: Checking for crash: false (file: /storage/emulated/0/Android/data/ro.alynsampmobile.launcher/files/.crash_occurred)
08-22 23:23:21.356  3796  3931 I ReactNativeJS: App returned to foreground
08-22 23:23:21.901  3796  3931 I ReactNativeJS: 'Service status:', true, 'verified:', true
08-22 23:23:21.911  3796  3931 I ReactNativeJS: [AdsService] Already initialized
08-22 23:23:22.296  3796  3931 I ReactNativeJS: 'API initialized successfully', { appStatus: true, appVersion: '20.6.8' }
08-22 23:23:22.627  3796  3931 I ReactNativeJS: App initialized successfully
08-22 23:23:22.643  3796  3931 I ReactNativeJS: === checkUpdate() CALLED ===
08-22 23:23:22.643  3796  3931 I ReactNativeJS: Checking for updates...
08-22 23:23:22.655  3796  3931 I ReactNativeJS: 'Service status:', true, 'verified:', true
08-22 23:23:22.656  3796  3931 I ReactNativeJS: Service is open, checking for updates...
08-22 23:23:22.656  3796  3931 I ReactNativeJS: Server game version: 20.6.8, Local: 20.6.8
08-22 23:23:22.656  3796  3931 I ReactNativeJS: Checking game files...
08-22 23:23:22.656  3796  3931 I ReactNativeJS: === getFilesToUpdate() CALLED ===
08-22 23:23:22.673  3796  3931 I ReactNativeJS: 'Modify mode:', false
08-22 23:23:22.674  3796  3931 I ReactNativeJS: 'Fetching file list from:', 'https://alynsampmobile.pro/api/game-files'
08-22 23:23:23.575  3796  3931 I ReactNativeJS: Server has 283 files to check
08-22 23:23:23.575  3796  3931 I ReactNativeJS: 'gameFilesPath:', '/storage/emulated/0/Android/data/ro.alynsampmobile.launcher/files'
08-22 23:23:23.578  3796  3931 I ReactNativeJS: File OK: SAMP/SAMP.ide (89358 bytes)
08-22 23:23:23.580  3796  3931 I ReactNativeJS: File OK: SAMP/TIMECYC.DAT (40037 bytes)
08-22 23:23:23.582  3796  3931 I ReactNativeJS: File OK: SAMP/WEAPON.dat (11585 bytes)
08-22 23:23:23.584  3796  3931 I ReactNativeJS: File OK: SAMP/alyn_logo.png (2308685 bytes)
08-22 23:23:23.586  3796  3931 I ReactNativeJS: File OK: SAMP/blockpunch.png (117414 bytes)
08-22 23:23:23.588  3796  3931 I ReactNativeJS: File OK: SAMP/blockpunch_hover.png (90283 bytes)
08-22 23:23:23.589  3796  3931 I ReactNativeJS: File OK: SAMP/gta.dat (3789 bytes)
08-22 23:23:23.590  3796  3931 I ReactNativeJS: File OK: SAMP/handling.cfg (64532 bytes)
08-22 23:23:23.591  3796  3931 I ReactNativeJS: File OK: SAMP/main.scm (96997 bytes)
08-22 23:23:23.593  3796  3931 I ReactNativeJS: File OK: SAMP/peds.ide (36369 bytes)
08-22 23:23:23.594  3796  3931 I ReactNativeJS: File OK: SAMP/script.img (184320 bytes)
08-22 23:23:23.595  3796  3931 I ReactNativeJS: File OK: SAMP/tracks2.dat (1 bytes)
08-22 23:23:23.596  3796  3931 I ReactNativeJS: File OK: SAMP/tracks4.dat (1 bytes)
08-22 23:23:23.597  3796  3931 I ReactNativeJS: File OK: SAMP/vehicles.ide (21093 bytes)
08-22 23:23:23.599  3796  3931 I ReactNativeJS: File OK: anim/anim.img (10942464 bytes)
08-22 23:23:23.600  3796  3931 I ReactNativeJS: File OK: anim/cuts.img (16029696 bytes)
08-22 23:23:23.601  3796  3931 I ReactNativeJS: File OK: anim/ped.ifp (1433248 bytes)
08-22 23:23:23.605  3796  3931 I ReactNativeJS: File OK: audio/CONFIG/AudioEventHistory.txt (114056 bytes)
08-22 23:23:23.606  3796  3931 I ReactNativeJS: File OK: audio/CONFIG/BankLkup.dat (8520 bytes)
08-22 23:23:23.608  3796  3931 I ReactNativeJS: File OK: audio/CONFIG/BankSlot.dat (216902 bytes)
08-22 23:23:23.609  3796  3931 I ReactNativeJS: File OK: audio/CONFIG/EventVol.dat (45402 bytes)
08-22 23:23:23.610  3796  3931 I ReactNativeJS: File OK: audio/CONFIG/PakFiles.dat (468 bytes)
08-22 23:23:23.611  3796  3931 I ReactNativeJS: File OK: audio/CONFIG/SOUNDINF.DAT (746760 bytes)
08-22 23:23:23.612  3796  3931 I ReactNativeJS: File OK: audio/CONFIG/StrmPaks.dat (272 bytes)
08-22 23:23:23.614  3796  3931 I ReactNativeJS: File OK: audio/CONFIG/TRKHEAD.DAT (15506696 bytes)
08-22 23:23:23.615  3796  3931 I ReactNativeJS: File OK: audio/CONFIG/TrakLkup.dat (23064 bytes)
08-22 23:23:23.617  3796  3931 I ReactNativeJS: File OK: audio/SFX/FEET.osw (138118 bytes)
08-22 23:23:23.620  3796  3931 I ReactNativeJS: File OK: audio/SFX/FEET.osw.idx (1220 bytes)
08-22 23:23:23.621  3796  3931 I ReactNativeJS: File OK: audio/SFX/GENRL.osw (9362373 bytes)
08-22 23:23:23.623  3796  3931 I ReactNativeJS: File OK: audio/SFX/GENRL.osw.idx (20868 bytes)
08-22 23:23:23.624  3796  3931 I ReactNativeJS: File OK: audio/SFX/PAIN_A.osw (3247335 bytes)
08-22 23:23:23.625  3796  3931 I ReactNativeJS: File OK: audio/SFX/PAIN_A.osw.idx (12836 bytes)
08-22 23:23:23.627  3796  3931 I ReactNativeJS: File OK: audio/STREAMS/AA.osw (15462 bytes)
08-22 23:23:23.628  3796  3931 I ReactNativeJS: File OK: audio/STREAMS/AA.osw.idx (1522 bytes)
08-22 23:23:23.629  3796  3931 I ReactNativeJS: File OK: audio/STREAMS/ADVERTS.osw (3516982 bytes)
08-22 23:23:23.630  3796  3931 I ReactNativeJS: File OK: audio/STREAMS/ADVERTS.osw.idx (1591 bytes)
08-22 23:23:23.632  3796  3931 I ReactNativeJS: File OK: audio/STREAMS/AMBIENCE.osw (22719112 bytes)
08-22 23:23:23.633  3796  3931 I ReactNativeJS: File OK: audio/STREAMS/AMBIENCE.osw.idx (924 bytes)
08-22 23:23:23.635  3796  3931 I ReactNativeJS: File OK: audio/STREAMS/BEATS.osw (9415375 bytes)
08-22 23:23:23.638  3796  3931 I ReactNativeJS: File OK: audio/STREAMS/BEATS.osw.idx (234 bytes)
08-22 23:23:23.640  3796  3931 I ReactNativeJS: File OK: audio/STREAMS/CH.osw (15462 bytes)
08-22 23:23:23.641  3796  3931 I ReactNativeJS: File OK: audio/STREAMS/CH.osw.idx (2994 bytes)
08-22 23:23:23.643  3796  3931 I ReactNativeJS: File OK: audio/STREAMS/CO.osw (15462 bytes)
08-22 23:23:23.644  3796  3931 I ReactNativeJS: File OK: audio/STREAMS/CO.osw.idx (3569 bytes)
08-22 23:23:23.645  3796  3931 I ReactNativeJS: File OK: audio/STREAMS/CR.osw (15462 bytes)
08-22 23:23:23.646  3796  3931 I ReactNativeJS: File OK: audio/STREAMS/CR.osw.idx (3592 bytes)
08-22 23:23:23.648  3796  3931 I ReactNativeJS: File OK: audio/STREAMS/CUTSCENE.osw (301175 bytes)
08-22 23:23:23.649  3796  3931 I ReactNativeJS: File OK: audio/STREAMS/CUTSCENE.osw.idx (3247 bytes)
08-22 23:23:23.671  3796  3931 I ReactNativeJS: File OK: audio/STREAMS/DS.osw (15462 bytes)
08-22 23:23:23.674  3796  3931 I ReactNativeJS: File OK: audio/STREAMS/DS.osw.idx (4121 bytes)
08-22 23:23:23.676  3796  3931 I ReactNativeJS: File OK: audio/STREAMS/HC.osw (15462 bytes)
08-22 23:23:23.677  3796  3931 I ReactNativeJS: File OK: audio/STREAMS/HC.osw.idx (2649 bytes)
08-22 23:23:23.679  3796  3931 I ReactNativeJS: File OK: audio/STREAMS/MH.osw (15462 bytes)
08-22 23:23:23.680  3796  3931 I ReactNativeJS: File OK: audio/STREAMS/MH.osw.idx (3500 bytes)
08-22 23:23:23.681  3796  3931 I ReactNativeJS: File OK: audio/STREAMS/MR.osw (15462 bytes)
08-22 23:23:23.682  3796  3931 I ReactNativeJS: File OK: audio/STREAMS/MR.osw.idx (3385 bytes)
08-22 23:23:23.683  3796  3931 I ReactNativeJS: File OK: audio/STREAMS/NJ.osw (15462 bytes)
08-22 23:23:23.687  3796  3931 I ReactNativeJS: File OK: audio/STREAMS/NJ.osw.idx (2994 bytes)
08-22 23:23:23.692  3796  3931 I ReactNativeJS: File OK: audio/STREAMS/RE.osw (15462 bytes)
08-22 23:23:23.693  3796  3931 I ReactNativeJS: File OK: audio/STREAMS/RE.osw.idx (3707 bytes)
08-22 23:23:23.694  3796  3931 I ReactNativeJS: File OK: audio/STREAMS/RG.osw (15462 bytes)
08-22 23:23:23.695  3796  3931 I ReactNativeJS: File OK: audio/STREAMS/RG.osw.idx (3914 bytes)
08-22 23:23:23.697  3796  3931 I ReactNativeJS: File OK: audio/STREAMS/TK.osw (15462 bytes)
08-22 23:23:23.698  3796  3931 I ReactNativeJS: File OK: audio/STREAMS/TK.osw.idx (2327 bytes)
08-22 23:23:23.699  3796  3931 I ReactNativeJS: File OK: data/360Default1280x720.cfg (10898 bytes)
08-22 23:23:23.701  3796  3931 I ReactNativeJS: File OK: data/360Default960x720.cfg (10888 bytes)
08-22 23:23:23.704  3796  3931 I ReactNativeJS: File OK: data/Decision/Allowed/Cop.ped (4908 bytes)
08-22 23:23:23.708  3796  3931 I ReactNativeJS: File OK: data/Decision/Allowed/Fireman.ped (4435 bytes)
08-22 23:23:23.709  3796  3931 I ReactNativeJS: File OK: data/Decision/Allowed/GangMbr.ped (6194 bytes)
08-22 23:23:23.710  3796  3931 I ReactNativeJS: File OK: data/Decision/Allowed/Indoors.ped (2809 bytes)
08-22 23:23:23.712  3796  3931 I ReactNativeJS: File OK: data/Decision/Allowed/MISSION.grp (2758 bytes)
08-22 23:23:23.713  3796  3931 I ReactNativeJS: File OK: data/Decision/Allowed/RANDOM.grp (4623 bytes)
08-22 23:23:23.715  3796  3931 I ReactNativeJS: File OK: data/Decision/Allowed/RANDOM.ped (4142 bytes)
08-22 23:23:23.716  3796  3931 I ReactNativeJS: File OK: data/Decision/Allowed/RANDOM2.grp (4623 bytes)
08-22 23:23:23.717  3796  3931 I ReactNativeJS: File OK: data/Decision/Allowed/R_Norm.ped (6450 bytes)
08-22 23:23:23.722  3796  3931 I ReactNativeJS: File OK: data/Decision/Allowed/R_Tough.ped (6378 bytes)
08-22 23:23:23.724  3796  3931 I ReactNativeJS: File OK: data/Decision/Allowed/R_Weak.ped (6289 bytes)
08-22 23:23:23.725  3796  3931 I ReactNativeJS: File OK: data/Decision/Allowed/m_empty.ped (982 bytes)
08-22 23:23:23.726  3796  3931 I ReactNativeJS: File OK: data/Decision/Allowed/m_norm.ped (4142 bytes)
08-22 23:23:23.727  3796  3931 I ReactNativeJS: File OK: data/Decision/Allowed/m_plyr.ped (2000 bytes)
08-22 23:23:23.729  3796  3931 I ReactNativeJS: File OK: data/Decision/Allowed/m_steal.ped (3663 bytes)
08-22 23:23:23.730  3796  3931 I ReactNativeJS: File OK: data/Decision/Allowed/m_tough.ped (3980 bytes)
08-22 23:23:23.736  3796  3931 I ReactNativeJS: File OK: data/Decision/Allowed/m_weak.ped (4062 bytes)
08-22 23:23:23.738  3796  3931 I ReactNativeJS: File OK: data/Decision/PedEvent.txt (1298 bytes)
08-22 23:23:23.743  3796  3931 I ReactNativeJS: File OK: data/ShopUVs.dat (30509 bytes)
08-22 23:23:23.744  3796  3931 I ReactNativeJS: File OK: data/TouchDefaultPhone3x2.cfg (10912 bytes)
08-22 23:23:23.747  3796  3931 I ReactNativeJS: File OK: data/TouchDefaultPhoneWidescreen.cfg (10924 bytes)
08-22 23:23:23.749  3796  3931 I ReactNativeJS: File OK: data/TouchDefaultTablet4x3.cfg (10926 bytes)
08-22 23:23:23.752  3796  3931 I ReactNativeJS: File OK: data/TouchDefaultTabletWidescreen.cfg (10923 bytes)
08-22 23:23:23.756  3796  3931 I ReactNativeJS: File OK: data/animgrp.dat (3096 bytes)
08-22 23:23:23.757  3796  3931 I ReactNativeJS: File OK: data/ar_stats.dat (3593 bytes)
08-22 23:23:23.759  3796  3931 I ReactNativeJS: File OK: data/carcols.dat (15361 bytes)
08-22 23:23:23.761  3796  3931 I ReactNativeJS: File OK: data/cargrp.dat (3909 bytes)
08-22 23:23:23.765  3796  3931 I ReactNativeJS: File OK: data/carmods.dat (8763 bytes)
08-22 23:23:23.767  3796  3931 I ReactNativeJS: File OK: data/clothes.dat (5317 bytes)
08-22 23:23:23.771  3796  3931 I ReactNativeJS: File OK: data/colorcycle.dat (13612 bytes)
08-22 23:23:23.773  3796  3931 I ReactNativeJS: File OK: data/default.dat (577 bytes)
08-22 23:23:23.774  3796  3931 I ReactNativeJS: File OK: data/default.ide (4679 bytes)
08-22 23:23:23.776  3796  3931 I ReactNativeJS: File OK: data/fonts.dat (3576 bytes)
08-22 23:23:23.778  3796  3931 I ReactNativeJS: File OK: data/furnitur.dat (16480 bytes)
08-22 23:23:23.780  3796  3931 I ReactNativeJS: File OK: data/gridref.dat (1498 bytes)
08-22 23:23:23.781  3796  3931 I ReactNativeJS: File OK: data/gta.dat (3776 bytes)
08-22 23:23:23.783  3796  3931 I ReactNativeJS: File OK: data/handling.cfg (64532 bytes)
08-22 23:23:23.787  3796  3931 I ReactNativeJS: File OK: data/info.zon (28139 bytes)
08-22 23:23:23.789  3796  3931 I ReactNativeJS: File OK: data/mainV1.scm (3169778 bytes)
08-22 23:23:23.790  3796  3931 I ReactNativeJS: File OK: data/map.zon (436 bytes)
08-22 23:23:23.792  3796  3931 I ReactNativeJS: File OK: data/maps/Audiozon.ipl (10802 bytes)
08-22 23:23:23.794  3796  3931 I ReactNativeJS: File OK: data/maps/LA/LAe.ide (12249 bytes)
08-22 23:23:23.795  3796  3931 I ReactNativeJS: File OK: data/maps/LA/LAe.ipl (27328 bytes)
08-22 23:23:23.797  3796  3931 I ReactNativeJS: File OK: data/maps/LA/LAe2.ide (21907 bytes)
08-22 23:23:23.798  3796  3931 I ReactNativeJS: File OK: data/maps/LA/LAe2.ipl (33651 bytes)
08-22 23:23:23.800  3796  3931 I ReactNativeJS: File OK: data/maps/LA/LAhills.ide (10601 bytes)
08-22 23:23:23.805  3796  3931 I ReactNativeJS: File OK: data/maps/LA/LAhills.ipl (34506 bytes)
08-22 23:23:23.806  3796  3931 I ReactNativeJS: File OK: data/maps/LA/LAn.ide (11107 bytes)
08-22 23:23:23.808  3796  3931 I ReactNativeJS: File OK: data/maps/LA/LAn.ipl (14264 bytes)
08-22 23:23:23.809  3796  3931 I ReactNativeJS: File OK: data/maps/LA/LAn2.ide (9565 bytes)
08-22 23:23:23.811  3796  3931 I ReactNativeJS: File OK: data/maps/LA/LAn2.ipl (13185 bytes)
08-22 23:23:23.812  3796  3931 I ReactNativeJS: File OK: data/maps/LA/LAs.ide (12575 bytes)
08-22 23:23:23.814  3796  3931 I ReactNativeJS: File OK: data/maps/LA/LAs.ipl (22414 bytes)
08-22 23:23:23.815  3796  3931 I ReactNativeJS: File OK: data/maps/LA/LAs2.ide (12364 bytes)
08-22 23:23:23.816  3796  3931 I ReactNativeJS: File OK: data/maps/LA/LAs2.ipl (38441 bytes)
08-22 23:23:23.818  3796  3931 I ReactNativeJS: File OK: data/maps/LA/LAw.ide (9412 bytes)
08-22 23:23:23.823  3796  3931 I ReactNativeJS: File OK: data/maps/LA/LAw.ipl (15105 bytes)
08-22 23:23:23.824  3796  3931 I ReactNativeJS: File OK: data/maps/LA/LAw2.ide (11060 bytes)
08-22 23:23:23.825  3796  3931 I ReactNativeJS: File OK: data/maps/LA/LAw2.ipl (18232 bytes)
08-22 23:23:23.826  3796  3931 I ReactNativeJS: File OK: data/maps/LA/LAxref.ide (10477 bytes)
08-22 23:23:23.827  3796  3931 I ReactNativeJS: File OK: data/maps/LA/LaWn.ide (13092 bytes)
08-22 23:23:23.829  3796  3931 I ReactNativeJS: File OK: data/maps/LA/LaWn.ipl (24330 bytes)
08-22 23:23:23.831  3796  3931 I ReactNativeJS: File OK: data/maps/SF/SFSe.ide (30227 bytes)
08-22 23:23:23.832  3796  3931 I ReactNativeJS: File OK: data/maps/SF/SFSe.ipl (53359 bytes)
08-22 23:23:23.833  3796  3931 I ReactNativeJS: File OK: data/maps/SF/SFe.ide (16224 bytes)
08-22 23:23:23.837  3796  3931 I ReactNativeJS: File OK: data/maps/SF/SFe.ipl (26707 bytes)
08-22 23:23:23.839  3796  3931 I ReactNativeJS: File OK: data/maps/SF/SFn.ide (11219 bytes)
08-22 23:23:23.840  3796  3931 I ReactNativeJS: File OK: data/maps/SF/SFn.ipl (26201 bytes)
08-22 23:23:23.841  3796  3931 I ReactNativeJS: File OK: data/maps/SF/SFs.ide (18948 bytes)
08-22 23:23:23.842  3796  3931 I ReactNativeJS: File OK: data/maps/SF/SFs.ipl (37969 bytes)
08-22 23:23:23.844  3796  3931 I ReactNativeJS: File OK: data/maps/SF/SFw.ide (16473 bytes)
08-22 23:23:23.845  3796  3931 I ReactNativeJS: File OK: data/maps/SF/SFw.ipl (29247 bytes)
08-22 23:23:23.846  3796  3931 I ReactNativeJS: File OK: data/maps/SF/SFxref.ide (4631 bytes)
08-22 23:23:23.848  3796  3931 I ReactNativeJS: File OK: data/maps/country/countn2.ide (35439 bytes)
08-22 23:23:23.849  3796  3931 I ReactNativeJS: File OK: data/maps/country/countn2.ipl (41665 bytes)
08-22 23:23:23.855  3796  3931 I ReactNativeJS: File OK: data/maps/country/countryN.ide (11308 bytes)
08-22 23:23:23.856  3796  3931 I ReactNativeJS: File OK: data/maps/country/countryN.ipl (14407 bytes)
08-22 23:23:23.857  3796  3931 I ReactNativeJS: File OK: data/maps/country/countryS.ide (18450 bytes)
08-22 23:23:23.859  3796  3931 I ReactNativeJS: File OK: data/maps/country/countryS.ipl (33835 bytes)
08-22 23:23:23.860  3796  3931 I ReactNativeJS: File OK: data/maps/country/countryW.ide (19704 bytes)
08-22 23:23:23.861  3796  3931 I ReactNativeJS: File OK: data/maps/country/countrye.ide (34529 bytes)
08-22 23:23:23.863  3796  3931 I ReactNativeJS: File OK: data/maps/country/countrye.ipl (49301 bytes)
08-22 23:23:23.864  3796  3931 I ReactNativeJS: File OK: data/maps/country/countryw.ipl (35057 bytes)
08-22 23:23:23.865  3796  3931 I ReactNativeJS: File OK: data/maps/country/counxref.ide (8494 bytes)
08-22 23:23:23.867  3796  3931 I ReactNativeJS: File OK: data/maps/cull.ipl (104318 bytes)
08-22 23:23:23.872  3796  3931 I ReactNativeJS: File OK: data/maps/generic/barriers.ide (1437 bytes)
08-22 23:23:23.873  3796  3931 I ReactNativeJS: File OK: data/maps/generic/dynamic.ide (4611 bytes)
08-22 23:23:23.874  3796  3931 I ReactNativeJS: File OK: data/maps/generic/dynamic2.ide (10510 bytes)
08-22 23:23:23.876  3796  3931 I ReactNativeJS: File OK: data/maps/generic/multiobj.ide (5020 bytes)
08-22 23:23:23.877  3796  3931 I ReactNativeJS: File OK: data/maps/generic/procobj.ide (4755 bytes)
08-22 23:23:23.878  3796  3931 I ReactNativeJS: File OK: data/maps/generic/vegepart.ide (8062 bytes)
08-22 23:23:23.880  3796  3931 I ReactNativeJS: File OK: data/maps/interior/gen_int1.ide (2747 bytes)
08-22 23:23:23.881  3796  3931 I ReactNativeJS: File OK: data/maps/interior/gen_int1.ipl (21074 bytes)
08-22 23:23:23.883  3796  3931 I ReactNativeJS: File OK: data/maps/interior/gen_int2.ide (10941 bytes)
08-22 23:23:23.886  3796  3931 I ReactNativeJS: File OK: data/maps/interior/gen_int2.ipl (1683 bytes)
08-22 23:23:23.888  3796  3931 I ReactNativeJS: File OK: data/maps/interior/gen_int3.ide (3252 bytes)
08-22 23:23:23.889  3796  3931 I ReactNativeJS: File OK: data/maps/interior/gen_int3.ipl (2091 bytes)
08-22 23:23:23.891  3796  3931 I ReactNativeJS: File OK: data/maps/interior/gen_int4.ide (2323 bytes)
08-22 23:23:23.892  3796  3931 I ReactNativeJS: File OK: data/maps/interior/gen_int4.ipl (1185 bytes)
08-22 23:23:23.893  3796  3931 I ReactNativeJS: File OK: data/maps/interior/gen_int5.ide (4682 bytes)
08-22 23:23:23.894  3796  3931 I ReactNativeJS: File OK: data/maps/interior/gen_int5.ipl (2988 bytes)
08-22 23:23:23.896  3796  3931 I ReactNativeJS: File OK: data/maps/interior/gen_intb.ide (5459 bytes)
08-22 23:23:23.897  3796  3931 I ReactNativeJS: File OK: data/maps/interior/gen_intb.ipl (1626 bytes)
08-22 23:23:23.899  3796  3931 I ReactNativeJS: File OK: data/maps/interior/int_LA.ide (6004 bytes)
08-22 23:23:23.900  3796  3931 I ReactNativeJS: File OK: data/maps/interior/int_LA.ipl (1312 bytes)
08-22 23:23:23.905  3796  3931 I ReactNativeJS: File OK: data/maps/interior/int_SF.ide (1260 bytes)
08-22 23:23:23.906  3796  3931 I ReactNativeJS: File OK: data/maps/interior/int_SF.ipl (1334 bytes)
08-22 23:23:23.907  3796  3931 I ReactNativeJS: File OK: data/maps/interior/int_cont.ide (385 bytes)
08-22 23:23:23.908  3796  3931 I ReactNativeJS: File OK: data/maps/interior/int_cont.ipl (910 bytes)
08-22 23:23:23.930  3796  3931 I ReactNativeJS: File OK: data/maps/interior/int_veg.ide (4684 bytes)
08-22 23:23:23.932  3796  3931 I ReactNativeJS: File OK: data/maps/interior/int_veg.ipl (5299 bytes)
08-22 23:23:23.934  3796  3931 I ReactNativeJS: File OK: data/maps/interior/propext.ide (2340 bytes)
08-22 23:23:23.936  3796  3931 I ReactNativeJS: File OK: data/maps/interior/props.ide (26326 bytes)
08-22 23:23:23.942  3796  3931 I ReactNativeJS: File OK: data/maps/interior/props2.ide (21174 bytes)
08-22 23:23:23.943  3796  3931 I ReactNativeJS: File OK: data/maps/interior/savehous.ide (1724 bytes)
08-22 23:23:23.944  3796  3931 I ReactNativeJS: File OK: data/maps/interior/savehous.ipl (2959 bytes)
08-22 23:23:23.945  3796  3931 I ReactNativeJS: File OK: data/maps/interior/stadint.ide (2851 bytes)
08-22 23:23:23.947  3796  3931 I ReactNativeJS: File OK: data/maps/interior/stadint.ipl (6299 bytes)
08-22 23:23:23.948  3796  3931 I ReactNativeJS: File OK: data/maps/leveldes/leveldes.ide (360 bytes)
08-22 23:23:23.949  3796  3931 I ReactNativeJS: File OK: data/maps/leveldes/leveldes.ipl (165 bytes)
08-22 23:23:23.954  3796  3931 I ReactNativeJS: File OK: data/maps/leveldes/levelmap.ide (3194 bytes)
08-22 23:23:23.955  3796  3931 I ReactNativeJS: File OK: data/maps/leveldes/levelmap.ipl (4675 bytes)
08-22 23:23:23.956  3796  3931 I ReactNativeJS: File OK: data/maps/leveldes/levelxre.ide (9897 bytes)
08-22 23:23:23.958  3796  3931 I ReactNativeJS: File OK: data/maps/leveldes/seabed.ide (12039 bytes)
08-22 23:23:23.959  3796  3931 I ReactNativeJS: File OK: data/maps/leveldes/seabed.ipl (23342 bytes)
08-22 23:23:23.960  3796  3931 I ReactNativeJS: File OK: data/maps/occlu.ipl (1012 bytes)
08-22 23:23:23.961  3796  3931 I ReactNativeJS: File OK: data/maps/occluLA.ipl (35956 bytes)
08-22 23:23:23.962  3796  3931 I ReactNativeJS: File OK: data/maps/occluint.ipl (2338 bytes)
08-22 23:23:23.964  3796  3931 I ReactNativeJS: File OK: data/maps/occlusf.ipl (16114 bytes)
08-22 23:23:23.965  3796  3931 I ReactNativeJS: File OK: data/maps/occluveg.ipl (17944 bytes)
08-22 23:23:23.966  3796  3931 I ReactNativeJS: File OK: data/maps/paths.ipl (2658607 bytes)
08-22 23:23:23.968  3796  3931 I ReactNativeJS: File OK: data/maps/paths2.ipl (2292241 bytes)
08-22 23:23:23.969  3796  3931 I ReactNativeJS: File OK: data/maps/paths3.ipl (2428066 bytes)
08-22 23:23:23.971  3796  3931 I ReactNativeJS: File OK: data/maps/paths4.ipl (253014 bytes)
08-22 23:23:23.972  3796  3931 I ReactNativeJS: File OK: data/maps/paths5.ipl (457678 bytes)
08-22 23:23:23.973  3796  3931 I ReactNativeJS: File OK: data/maps/tunnels.ipl (3230 bytes)
08-22 23:23:23.975  3796  3931 I ReactNativeJS: File OK: data/maps/vegas/VegasN.ide (23715 bytes)
08-22 23:23:23.976  3796  3931 I ReactNativeJS: File OK: data/maps/vegas/VegasS.ide (18656 bytes)
08-22 23:23:23.978  3796  3931 I ReactNativeJS: File OK: data/maps/vegas/VegasW.ide (25456 bytes)
08-22 23:23:23.979  3796  3931 I ReactNativeJS: File OK: data/maps/vegas/vegasE.ide (35542 bytes)
08-22 23:23:23.980  3796  3931 I ReactNativeJS: File OK: data/maps/vegas/vegasE.ipl (61084 bytes)
08-22 23:23:23.981  3796  3931 I ReactNativeJS: File OK: data/maps/vegas/vegasN.ipl (36651 bytes)
08-22 23:23:23.983  3796  3931 I ReactNativeJS: File OK: data/maps/vegas/vegasS.ipl (30343 bytes)
08-22 23:23:23.986  3796  3931 I ReactNativeJS: File OK: data/maps/vegas/vegasW.ipl (49867 bytes)
08-22 23:23:23.988  3796  3931 I ReactNativeJS: File OK: data/maps/vegas/vegaxref.ide (5751 bytes)
08-22 23:23:23.989  3796  3931 I ReactNativeJS: File OK: data/maps/vegas/vegaxref.ipl (3661 bytes)
08-22 23:23:23.990  3796  3931 I ReactNativeJS: File OK: data/maps/veh_mods/veh_mods.ide (7323 bytes)
08-22 23:23:23.992  3796  3931 I ReactNativeJS: File OK: data/melee.dat (6306 bytes)
08-22 23:23:23.993  3796  3931 I ReactNativeJS: File OK: data/object.dat (126118 bytes)
08-22 23:23:23.995  3796  3931 I ReactNativeJS: File OK: data/paths/ROADBLOX.DAT (1304 bytes)
08-22 23:23:23.996  3796  3931 I ReactNativeJS: File OK: data/paths/carrec.img (2357248 bytes)
08-22 23:23:23.999  3796  3931 I ReactNativeJS: File OK: data/paths/tracks.dat (25474 bytes)
08-22 23:23:24.004  3796  3931 I ReactNativeJS: File OK: data/paths/tracks2.dat (1892 bytes)
08-22 23:23:24.006  3796  3931 I ReactNativeJS: File OK: data/paths/tracks3.dat (8328 bytes)
08-22 23:23:24.007  3796  3931 I ReactNativeJS: File OK: data/paths/tracks4.dat (18347 bytes)
08-22 23:23:24.008  3796  3931 I ReactNativeJS: File OK: data/ped.dat (1276 bytes)
08-22 23:23:24.009  3796  3931 I ReactNativeJS: File OK: data/pedgrp.dat (5792 bytes)
08-22 23:23:24.011  3796  3931 I ReactNativeJS: File OK: data/peds.ide (33401 bytes)
08-22 23:23:24.012  3796  3931 I ReactNativeJS: File OK: data/pedstats.dat (3604 bytes)
08-22 23:23:24.013  3796  3931 I ReactNativeJS: File OK: data/plants.dat (9887 bytes)
08-22 23:23:24.015  3796  3931 I ReactNativeJS: File OK: data/popcycle.dat (127108 bytes)
08-22 23:23:24.021  3796  3931 I ReactNativeJS: File OK: data/procobj.dat (10019 bytes)
08-22 23:23:24.022  3796  3931 I ReactNativeJS: File OK: data/script/mainV1.scm (3169739 bytes)
08-22 23:23:24.024  3796  3931 I ReactNativeJS: File OK: data/script/scriptv1.img (561152 bytes)
08-22 23:23:24.025  3796  3931 I ReactNativeJS: File OK: data/scriptv1.img (561152 bytes)
08-22 23:23:24.026  3796  3931 I ReactNativeJS: File OK: data/shopping.dat (46875 bytes)
08-22 23:23:24.027  3796  3931 I ReactNativeJS: File OK: data/statdisp.dat (7292 bytes)
08-22 23:23:24.029  3796  3931 I ReactNativeJS: File OK: data/surface.dat (576 bytes)
08-22 23:23:24.030  3796  3931 I ReactNativeJS: File OK: data/surfaud.dat (6530 bytes)
08-22 23:23:24.032  3796  3931 I ReactNativeJS: File OK: data/surfinfo.dat (28106 bytes)
08-22 23:23:24.033  3796  3931 I ReactNativeJS: File OK: data/timecyc.dat (40037 bytes)
08-22 23:23:24.038  3796  3931 I ReactNativeJS: File OK: data/txdcut.ide (478 bytes)
08-22 23:23:24.039  3796  3931 I ReactNativeJS: File OK: data/vehicles.ide (21093 bytes)
08-22 23:23:24.040  3796  3931 I ReactNativeJS: File OK: data/water.dat (70099 bytes)
08-22 23:23:24.042  3796  3931 I ReactNativeJS: File OK: data/water1.dat (60063 bytes)
08-22 23:23:24.043  3796  3931 I ReactNativeJS: File OK: data/weapon.dat (11602 bytes)
08-22 23:23:24.044  3796  3931 I ReactNativeJS: File OK: fonts/arial_bold.ttf (352224 bytes)
08-22 23:23:24.045  3796  3931 I ReactNativeJS: File OK: fonts/gtaweap3.ttf (104004 bytes)
08-22 23:23:24.047  3796  3931 I ReactNativeJS: File OK: fonts/sampaux3.ttf (7376 bytes)
08-22 23:23:24.049  3796  3931 I ReactNativeJS: File OK: models/coll/peds.col (21477 bytes)
08-22 23:23:24.054  3796  3931 I ReactNativeJS: File OK: models/coll/vehicles.col (1096 bytes)
08-22 23:23:24.055  3796  3931 I ReactNativeJS: File OK: models/coll/weapons.col (560 bytes)
08-22 23:23:24.056  3796  3931 I ReactNativeJS: File OK: models/effects.fxp (616708 bytes)
08-22 23:23:24.057  3796  3931 I ReactNativeJS: File OK: stream.ini (197 bytes)
08-22 23:23:24.058  3796  3931 I ReactNativeJS: File OK: texdb/SAMPCOL.img (4253696 bytes)
08-22 23:23:24.059  3796  3931 I ReactNativeJS: Missing file: texdb/gta3/gta3.dxt.dat
08-22 23:23:24.060  3796  3931 I ReactNativeJS: File OK: texdb/gta3/gta3.dxt.tmb (525340 bytes)
08-22 23:23:24.061  3796  3931 I ReactNativeJS: File OK: texdb/gta3/gta3.dxt.toc (49784 bytes)
08-22 23:23:24.062  3796  3931 I ReactNativeJS: File OK: texdb/gta3/gta3.txt (792665 bytes)
08-22 23:23:24.063  3796  3931 I ReactNativeJS: Missing file: texdb/gta3.img
08-22 23:23:24.064  3796  3931 I ReactNativeJS: File OK: texdb/gta_int/gta_int.dxt.dat (13592262 bytes)
08-22 23:23:24.065  3796  3931 I ReactNativeJS: File OK: texdb/gta_int/gta_int.dxt.tmb (663408 bytes)
08-22 23:23:24.071  3796  3931 I ReactNativeJS: File OK: texdb/gta_int/gta_int.dxt.toc (10132 bytes)
08-22 23:23:24.072  3796  3931 I ReactNativeJS: File OK: texdb/gta_int/gta_int.txt (174099 bytes)
08-22 23:23:24.073  3796  3931 I ReactNativeJS: File OK: texdb/gta_int.img (44836864 bytes)
08-22 23:23:24.075  3796  3931 I ReactNativeJS: File OK: texdb/menu/menu.pvr.dat (6472908 bytes)
08-22 23:23:24.076  3796  3931 I ReactNativeJS: File OK: texdb/menu/menu.pvr.tmb (992 bytes)
08-22 23:23:24.078  3796  3931 I ReactNativeJS: File OK: texdb/menu/menu.pvr.toc (176 bytes)
08-22 23:23:24.079  3796  3931 I ReactNativeJS: File OK: texdb/menu/menu.txt (3147 bytes)
08-22 23:23:24.081  3796  3931 I ReactNativeJS: File OK: texdb/mobile/mobile.dxt.dat (7267946 bytes)
08-22 23:23:24.082  3796  3931 I ReactNativeJS: File OK: texdb/mobile/mobile.dxt.tmb (3940 bytes)
08-22 23:23:24.087  3796  3931 I ReactNativeJS: File OK: texdb/mobile/mobile.dxt.toc (792 bytes)
08-22 23:23:24.088  3796  3931 I ReactNativeJS: File OK: texdb/mobile/mobile.txt (14502 bytes)
08-22 23:23:24.090  3796  3931 I ReactNativeJS: File OK: texdb/player/player.pvr.dat (6569414 bytes)
08-22 23:23:24.092  3796  3931 I ReactNativeJS: File OK: texdb/player/player.pvr.tmb (6940 bytes)
08-22 23:23:24.093  3796  3931 I ReactNativeJS: File OK: texdb/player/player.pvr.toc (1580 bytes)
08-22 23:23:24.095  3796  3931 I ReactNativeJS: File OK: texdb/player/player.txt (27810 bytes)
08-22 23:23:24.096  3796  3931 I ReactNativeJS: File OK: texdb/player.img (16412672 bytes)
08-22 23:23:24.097  3796  3931 I ReactNativeJS: File OK: texdb/samp/samp.dxt.dat (22224500 bytes)
08-22 23:23:24.098  3796  3931 I ReactNativeJS: File OK: texdb/samp/samp.dxt.tmb (19824 bytes)
08-22 23:23:24.099  3796  3931 I ReactNativeJS: File OK: texdb/samp/samp.dxt.toc (6156 bytes)
08-22 23:23:24.104  3796  3931 I ReactNativeJS: File OK: texdb/samp/samp.txt (89236 bytes)
08-22 23:23:24.105  3796  3931 I ReactNativeJS: File OK: texdb/samp.img (35909632 bytes)
08-22 23:23:24.106  3796  3931 I ReactNativeJS: File OK: texdb/txd/txd.dxt.dat (7625578 bytes)
08-22 23:23:24.107  3796  3931 I ReactNativeJS: File OK: texdb/txd/txd.dxt.tmb (31028 bytes)
08-22 23:23:24.107  3796  3931 I ReactNativeJS: File OK: texdb/txd/txd.dxt.toc (2376 bytes)
08-22 23:23:24.108  3796  3931 I ReactNativeJS: File OK: texdb/txd/txd.txt (43193 bytes)
08-22 23:23:24.108  3796  3931 I ReactNativeJS: Total files to update: 2 (2 missing, 0 mismatched)
08-22 23:23:24.108  3796  3931 I ReactNativeJS: Game files update required
08-22 23:23:28.996  3796  3931 I ReactNativeJS: Starting game files update with NATIVE BATCH downloader...
08-22 23:23:28.996  3796  3931 I ReactNativeJS: Total files to download: 2, Total size: 468832620 bytes
08-22 23:23:29.025  3796  3931 I ReactNativeJS: [AdsService] Rewarded loaded (ready to show)
08-22 23:23:29.036  3796  3931 I ReactNativeJS: Foreground service started
08-22 23:23:29.036  3796  3931 I ReactNativeJS: Batch download started in native code - will continue in background!
08-22 23:23:29.045  3796  3931 I ReactNativeJS: [AdsService] Rewarded ad shown successfully
08-22 23:23:29.265  3796  3931 I ReactNativeJS: App moved to background during download - keeping JavaScript active
08-22 23:25:21.049  3796  3931 I ReactNativeJS: [AdsService] loadAndShowRewarded -> true (success event)
08-22 23:25:21.050  3796  3931 E ReactNativeJS: '[AdsService] Failed to load rewarded ad:', 'Activity not available'
08-22 23:25:21.051  3796  3931 I ReactNativeJS: [AdsService] loadAndShowRewarded -> false (load failed)
08-22 23:25:24.232  3796  3931 I ReactNativeJS: Running "ReactLauncher"
08-22 23:25:24.241  3796  3931 E ReactNativeJS: 'Error requesting audio permission:', { [java.lang.IllegalStateException: Tried to use permissions API while not attached to an Activity.]
08-22 23:25:24.241  3796  3931 E ReactNativeJS:   nativeStackAndroid: 
08-22 23:25:24.241  3796  3931 E ReactNativeJS:    [ { lineNumber: 30,
08-22 23:25:24.241  3796  3931 E ReactNativeJS:        file: 'r8-map-id-9807257cde3f5a376d584be73727b6fc9c54726848cdfdbdabab9dd61d7a5456',
08-22 23:25:24.241  3796  3931 E ReactNativeJS:        methodName: 'getPermissionAwareActivity',
08-22 23:25:24.241  3796  3931 E ReactNativeJS:        class: 'com.facebook.react.modules.permissions.PermissionsModule' },
08-22 23:25:24.241  3796  3931 E ReactNativeJS:      { lineNumber: 11,
08-22 23:25:24.241  3796  3931 E ReactNativeJS:        file: 'r8-map-id-9807257cde3f5a376d584be73727b6fc9c54726848cdfdbdabab9dd61d7a5456',
08-22 23:25:24.241  3796  3931 E ReactNativeJS:        methodName: 'shouldShowRequestPermissionRationale',
08-22 23:25:24.241  3796  3931 E ReactNativeJS:        class: 'com.facebook.react.modules.permissions.PermissionsModule' },
08-22 23:25:24.241  3796  3931 E ReactNativeJS:      { lineNumber: -2,
08-22 23:25:24.241  3796  3931 E ReactNativeJS:        file: 'r8-map-id-9807257cde3f5a376d584be73727b6fc9c54726848cdfdbdabab9dd61d7a5456',
08-22 23:25:24.241  3796  3931 E ReactNativeJS:        methodName: 'run',
08-22 23:25:24.241  3796  3931 E ReactNativeJS:        class: 'com.facebook.jni.NativeRunnable' },
08-22 23:25:24.241  3796  3931 E ReactNativeJS:      { lineNumber: 942,
08-22 23:25:24.241  3796  3931 E ReactNativeJS:        file: 'Handler.java',
08-22 23:25:24.241  3796  3931 E ReactNativeJS:        methodName: 'handleCallback',
08-22 23:25:24.241  3796  3931 E ReactNativeJS:        class: 'android.os.Handler' },
08-22 23:25:24.241  3796  3931 E ReactNativeJS:      { lineNumber: 99,
08-22 23:25:24.241  3796  3931 E ReactNativeJS:        file: 'Handler.java',
08-22 23:25:24.241  3796  3931 E ReactNativeJS:        methodName: 'dispatchMessage',
08-22 23:25:24.241  3796  3931 E ReactNativeJS:        class: 'android.os.Handler' },
08-22 23:25:24.241  3796  3931 E ReactNativeJS:      { lineNumber: 6,
08-22 23:25:24.241  3796  3931 E ReactNativeJS:        file: 'r8-map-id-9807257cde3f5a376d584be73727b6fc9c54726848cdfdbdabab9dd61d7a5456',
08-22 23:25:24.241  3796  3931 E ReactNativeJS:        methodName: 'dispatchMessage',
08-22 23:25:24.241  3796  3931 E ReactNativeJS:        class: 'com.facebook.react.bridge.queue.MessageQueueThreadHandler' },
08-22 23:25:24.241  3796  3931 E ReactNativeJS:      { lineNumber: 226,
08-22 23:25:24.241  3796  3931 E ReactNativeJS:        file: 'Looper.java',
08-22 23:25:24.241  3796  3931 E ReactNativeJS:        methodName: 'loopOnce',
08-22 23:25:24.241  3796  3931 E ReactNativeJS:        class: 'android.os.Looper' },
08-22 23:25:24.241  3796  3931 E ReactNativeJS:      { lineNumber: 313,
08-22 23:25:24.241  3796  3931 E ReactNativeJS:        file: 'Looper.java',
08-22 23:25:24.241  3796  3931 E ReactNativeJS:        methodName: 'loop',
08-22 23:25:24.241  3796  3931 E ReactNativeJS:        class: 'android.os.Looper' },
08-22 23:25:24.241  3796  3931 E ReactNativeJS:      { lineNumber: 29,
08-22 23:25:24.241  3796  3931 E ReactNativeJS:        file: 'r8-map-id-9807257cde3f5a376d584be73727b6fc9c54726848cdfdbdabab9dd61d7a5456',
08-22 23:25:24.241  3796  3931 E ReactNativeJS:        methodName: 'startNewBackgroundThread$lambda$0',
08-22 23:25:24.241  3796  3931 E ReactNativeJS:        class: 'com.facebook.react.bridge.queue.MessageQueueThreadImpl$Companion' },
08-22 23:25:24.241  3796  3931 E ReactNativeJS:      { lineNumber: 1,
08-22 23:25:24.241  3796  3931 E ReactNativeJS:        file: 'r8-map-id-9807257cde3f5a376d584be73727b6fc9c54726848cdfdbdabab9dd61d7a5456',
08-22 23:25:24.241  3796  3931 E ReactNativeJS:        methodName: 'a',
08-22 23:25:24.241  3796  3931 E ReactNativeJS:        class: 'com.facebook.react.bridge.queue.MessageQueueThreadImpl$Companion' },
08-22 23:25:24.241  3796  3931 E ReactNativeJS:      { lineNumber: 1022,
08-22 23:25:24.241  3796  3931 E ReactNativeJS:        file: 'r8-map-id-9807257cde3f5a376d584be73727b6fc9c54726848cdfdbdabab9dd61d7a5456',
08-22 23:25:24.241  3796  3931 E ReactNativeJS:        methodName: 'run',
08-22 23:25:24.241  3796  3931 E ReactNativeJS:        class: 'UA' },
08-22 23:25:24.241  3796  3931 E ReactNativeJS:      { lineNumber: 1572,
08-22 23:25:24.241  3796  3931 E ReactNativeJS:        file: 'Thread.java',
08-22 23:25:24.241  3796  3931 E ReactNativeJS:        methodName: 'run',
08-22 23:25:24.241  3796  3931 E ReactNativeJS:        class: 'java.lang.Thread' } ],
08-22 23:25:24.241  3796  3931 E ReactNativeJS:   name: 'java.lang.IllegalStateException',
08-22 23:25:24.241  3796  3931 E ReactNativeJS:   userInfo: null,
08-22 23:25:24.241  3796  3931 E ReactNativeJS:   code: 'E_INVALID_ACTIVITY' }
08-22 23:25:24.245  3796  3931 I ReactNativeJS: App returned to foreground
08-22 23:25:24.247  3796  3932 I GameLauncher: Checking for crash: false (file: /storage/emulated/0/Android/data/ro.alynsampmobile.launcher/files/.crash_occurred)
08-22 23:25:24.669  3796  3931 I ReactNativeJS: [AdsService] Already initialized
08-22 23:25:25.006  3796  3931 I ReactNativeJS: Background keep-alive active: 400 ticks
08-22 23:25:25.015  3796  3931 I ReactNativeJS: 'Service status:', true, 'verified:', true
08-22 23:25:25.366  3796  3931 I ReactNativeJS: 'API initialized successfully', { appStatus: true, appVersion: '20.6.8' }
08-22 23:25:25.566  3796  3931 I ReactNativeJS: === checkUpdate() CALLED ===
08-22 23:25:25.566  3796  3931 I ReactNativeJS: Checking for updates...
08-22 23:25:25.579  3796  3931 I ReactNativeJS: 'Service status:', true, 'verified:', true
08-22 23:25:25.579  3796  3931 I ReactNativeJS: Service is open, checking for updates...
08-22 23:25:25.579  3796  3931 I ReactNativeJS: Server game version: 20.6.8, Local: 20.6.8
08-22 23:25:25.579  3796  3931 I ReactNativeJS: Checking game files...
08-22 23:25:25.579  3796  3931 I ReactNativeJS: === getFilesToUpdate() CALLED ===
08-22 23:25:25.579  3796  3931 I ReactNativeJS: 'Modify mode:', false
08-22 23:25:25.579  3796  3931 I ReactNativeJS: 'Fetching file list from:', 'https://alynsampmobile.pro/api/game-files'
08-22 23:25:25.736  3796  3931 I ReactNativeJS: App initialized successfully
08-22 23:25:26.244  3796  3931 I ReactNativeJS: Server has 283 files to check
08-22 23:25:26.244  3796  3931 I ReactNativeJS: 'gameFilesPath:', '/storage/emulated/0/Android/data/ro.alynsampmobile.launcher/files'
08-22 23:25:26.259  3796  3931 I ReactNativeJS: File OK: SAMP/SAMP.ide (89358 bytes)
08-22 23:25:26.261  3796  3931 I ReactNativeJS: File OK: SAMP/TIMECYC.DAT (40037 bytes)
08-22 23:25:26.262  3796  3931 I ReactNativeJS: File OK: SAMP/WEAPON.dat (11585 bytes)
08-22 23:25:26.263  3796  3931 I ReactNativeJS: File OK: SAMP/alyn_logo.png (2308685 bytes)
08-22 23:25:26.264  3796  3931 I ReactNativeJS: File OK: SAMP/blockpunch.png (117414 bytes)
08-22 23:25:26.265  3796  3931 I ReactNativeJS: File OK: SAMP/blockpunch_hover.png (90283 bytes)
08-22 23:25:26.265  3796  3931 I ReactNativeJS: File OK: SAMP/gta.dat (3789 bytes)
08-22 23:25:26.266  3796  3931 I ReactNativeJS: File OK: SAMP/handling.cfg (64532 bytes)
08-22 23:25:26.267  3796  3931 I ReactNativeJS: File OK: SAMP/main.scm (96997 bytes)
08-22 23:25:26.270  3796  3931 I ReactNativeJS: File OK: SAMP/peds.ide (36369 bytes)
08-22 23:25:26.271  3796  3931 I ReactNativeJS: File OK: SAMP/script.img (184320 bytes)
08-22 23:25:26.274  3796  3931 I ReactNativeJS: File OK: SAMP/tracks2.dat (1 bytes)
08-22 23:25:26.275  3796  3931 I ReactNativeJS: File OK: SAMP/tracks4.dat (1 bytes)
08-22 23:25:26.276  3796  3931 I ReactNativeJS: File OK: SAMP/vehicles.ide (21093 bytes)
08-22 23:25:26.280  3796  3931 I ReactNativeJS: File OK: anim/anim.img (10942464 bytes)
08-22 23:25:26.281  3796  3931 I ReactNativeJS: File OK: anim/cuts.img (16029696 bytes)
08-22 23:25:26.282  3796  3931 I ReactNativeJS: File OK: anim/ped.ifp (1433248 bytes)
08-22 23:25:26.283  3796  3931 I ReactNativeJS: File OK: audio/CONFIG/AudioEventHistory.txt (114056 bytes)
08-22 23:25:26.283  3796  3931 I ReactNativeJS: File OK: audio/CONFIG/BankLkup.dat (8520 bytes)
08-22 23:25:26.284  3796  3931 I ReactNativeJS: File OK: audio/CONFIG/BankSlot.dat (216902 bytes)
08-22 23:25:26.285  3796  3931 I ReactNativeJS: File OK: audio/CONFIG/EventVol.dat (45402 bytes)
08-22 23:25:26.286  3796  3931 I ReactNativeJS: File OK: audio/CONFIG/PakFiles.dat (468 bytes)
08-22 23:25:26.287  3796  3931 I ReactNativeJS: File OK: audio/CONFIG/SOUNDINF.DAT (746760 bytes)
08-22 23:25:26.287  3796  3931 I ReactNativeJS: File OK: audio/CONFIG/StrmPaks.dat (272 bytes)
08-22 23:25:26.288  3796  3931 I ReactNativeJS: File OK: audio/CONFIG/TRKHEAD.DAT (15506696 bytes)
08-22 23:25:26.289  3796  3931 I ReactNativeJS: File OK: audio/CONFIG/TrakLkup.dat (23064 bytes)
08-22 23:25:26.290  3796  3931 I ReactNativeJS: File OK: audio/SFX/FEET.osw (138118 bytes)
08-22 23:25:26.291  3796  3931 I ReactNativeJS: File OK: audio/SFX/FEET.osw.idx (1220 bytes)
08-22 23:25:26.292  3796  3931 I ReactNativeJS: File OK: audio/SFX/GENRL.osw (9362373 bytes)
08-22 23:25:26.293  3796  3931 I ReactNativeJS: File OK: audio/SFX/GENRL.osw.idx (20868 bytes)
08-22 23:25:26.297  3796  3931 I ReactNativeJS: File OK: audio/SFX/PAIN_A.osw (3247335 bytes)
08-22 23:25:26.298  3796  3931 I ReactNativeJS: File OK: audio/SFX/PAIN_A.osw.idx (12836 bytes)
08-22 23:25:26.298  3796  3931 I ReactNativeJS: File OK: audio/STREAMS/AA.osw (15462 bytes)
08-22 23:25:26.299  3796  3931 I ReactNativeJS: File OK: audio/STREAMS/AA.osw.idx (1522 bytes)
08-22 23:25:26.300  3796  3931 I ReactNativeJS: File OK: audio/STREAMS/ADVERTS.osw (3516982 bytes)
08-22 23:25:26.301  3796  3931 I ReactNativeJS: File OK: audio/STREAMS/ADVERTS.osw.idx (1591 bytes)
08-22 23:25:26.302  3796  3931 I ReactNativeJS: File OK: audio/STREAMS/AMBIENCE.osw (22719112 bytes)
08-22 23:25:26.303  3796  3931 I ReactNativeJS: File OK: audio/STREAMS/AMBIENCE.osw.idx (924 bytes)
08-22 23:25:26.303  3796  3931 I ReactNativeJS: File OK: audio/STREAMS/BEATS.osw (9415375 bytes)
08-22 23:25:26.304  3796  3931 I ReactNativeJS: File OK: audio/STREAMS/BEATS.osw.idx (234 bytes)
08-22 23:25:26.305  3796  3931 I ReactNativeJS: File OK: audio/STREAMS/CH.osw (15462 bytes)
08-22 23:25:26.306  3796  3931 I ReactNativeJS: File OK: audio/STREAMS/CH.osw.idx (2994 bytes)
08-22 23:25:26.307  3796  3931 I ReactNativeJS: File OK: audio/STREAMS/CO.osw (15462 bytes)
08-22 23:25:26.308  3796  3931 I ReactNativeJS: File OK: audio/STREAMS/CO.osw.idx (3569 bytes)
08-22 23:25:26.308  3796  3931 I ReactNativeJS: File OK: audio/STREAMS/CR.osw (15462 bytes)
08-22 23:25:26.309  3796  3931 I ReactNativeJS: File OK: audio/STREAMS/CR.osw.idx (3592 bytes)
08-22 23:25:26.314  3796  3931 I ReactNativeJS: File OK: audio/STREAMS/CUTSCENE.osw (301175 bytes)
08-22 23:25:26.314  3796  3931 I ReactNativeJS: File OK: audio/STREAMS/CUTSCENE.osw.idx (3247 bytes)
08-22 23:25:26.315  3796  3931 I ReactNativeJS: File OK: audio/STREAMS/DS.osw (15462 bytes)
08-22 23:25:26.316  3796  3931 I ReactNativeJS: File OK: audio/STREAMS/DS.osw.idx (4121 bytes)
08-22 23:25:26.317  3796  3931 I ReactNativeJS: File OK: audio/STREAMS/HC.osw (15462 bytes)
08-22 23:25:26.317  3796  3931 I ReactNativeJS: File OK: audio/STREAMS/HC.osw.idx (2649 bytes)
08-22 23:25:26.318  3796  3931 I ReactNativeJS: File OK: audio/STREAMS/MH.osw (15462 bytes)
08-22 23:25:26.319  3796  3931 I ReactNativeJS: File OK: audio/STREAMS/MH.osw.idx (3500 bytes)
08-22 23:25:26.319  3796  3931 I ReactNativeJS: File OK: audio/STREAMS/MR.osw (15462 bytes)
08-22 23:25:26.320  3796  3931 I ReactNativeJS: File OK: audio/STREAMS/MR.osw.idx (3385 bytes)
08-22 23:25:26.321  3796  3931 I ReactNativeJS: File OK: audio/STREAMS/NJ.osw (15462 bytes)
08-22 23:25:26.322  3796  3931 I ReactNativeJS: File OK: audio/STREAMS/NJ.osw.idx (2994 bytes)
08-22 23:25:26.323  3796  3931 I ReactNativeJS: File OK: audio/STREAMS/RE.osw (15462 bytes)
08-22 23:25:26.324  3796  3931 I ReactNativeJS: File OK: audio/STREAMS/RE.osw.idx (3707 bytes)
08-22 23:25:26.325  3796  3931 I ReactNativeJS: File OK: audio/STREAMS/RG.osw (15462 bytes)
08-22 23:25:26.328  3796  3931 I ReactNativeJS: File OK: audio/STREAMS/RG.osw.idx (3914 bytes)
08-22 23:25:26.329  3796  3931 I ReactNativeJS: File OK: audio/STREAMS/TK.osw (15462 bytes)
08-22 23:25:26.330  3796  3931 I ReactNativeJS: File OK: audio/STREAMS/TK.osw.idx (2327 bytes)
08-22 23:25:26.331  3796  3931 I ReactNativeJS: File OK: data/360Default1280x720.cfg (10898 bytes)
08-22 23:25:26.332  3796  3931 I ReactNativeJS: File OK: data/360Default960x720.cfg (10888 bytes)
08-22 23:25:26.333  3796  3931 I ReactNativeJS: File OK: data/Decision/Allowed/Cop.ped (4908 bytes)
08-22 23:25:26.334  3796  3931 I ReactNativeJS: File OK: data/Decision/Allowed/Fireman.ped (4435 bytes)
08-22 23:25:26.335  3796  3931 I ReactNativeJS: File OK: data/Decision/Allowed/GangMbr.ped (6194 bytes)
08-22 23:25:26.335  3796  3931 I ReactNativeJS: File OK: data/Decision/Allowed/Indoors.ped (2809 bytes)
08-22 23:25:26.336  3796  3931 I ReactNativeJS: File OK: data/Decision/Allowed/MISSION.grp (2758 bytes)
08-22 23:25:26.337  3796  3931 I ReactNativeJS: File OK: data/Decision/Allowed/RANDOM.grp (4623 bytes)
08-22 23:25:26.338  3796  3931 I ReactNativeJS: File OK: data/Decision/Allowed/RANDOM.ped (4142 bytes)
08-22 23:25:26.339  3796  3931 I ReactNativeJS: File OK: data/Decision/Allowed/RANDOM2.grp (4623 bytes)
08-22 23:25:26.340  3796  3931 I ReactNativeJS: File OK: data/Decision/Allowed/R_Norm.ped (6450 bytes)
08-22 23:25:26.341  3796  3931 I ReactNativeJS: File OK: data/Decision/Allowed/R_Tough.ped (6378 bytes)
08-22 23:25:26.342  3796  3931 I ReactNativeJS: File OK: data/Decision/Allowed/R_Weak.ped (6289 bytes)
08-22 23:25:26.345  3796  3931 I ReactNativeJS: File OK: data/Decision/Allowed/m_empty.ped (982 bytes)
08-22 23:25:26.346  3796  3931 I ReactNativeJS: File OK: data/Decision/Allowed/m_norm.ped (4142 bytes)
08-22 23:25:26.347  3796  3931 I ReactNativeJS: File OK: data/Decision/Allowed/m_plyr.ped (2000 bytes)
08-22 23:25:26.348  3796  3931 I ReactNativeJS: File OK: data/Decision/Allowed/m_steal.ped (3663 bytes)
08-22 23:25:26.349  3796  3931 I ReactNativeJS: File OK: data/Decision/Allowed/m_tough.ped (3980 bytes)
08-22 23:25:26.349  3796  3931 I ReactNativeJS: File OK: data/Decision/Allowed/m_weak.ped (4062 bytes)
08-22 23:25:26.350  3796  3931 I ReactNativeJS: File OK: data/Decision/PedEvent.txt (1298 bytes)
08-22 23:25:26.351  3796  3931 I ReactNativeJS: File OK: data/ShopUVs.dat (30509 bytes)
08-22 23:25:26.352  3796  3931 I ReactNativeJS: File OK: data/TouchDefaultPhone3x2.cfg (10912 bytes)
08-22 23:25:26.353  3796  3931 I ReactNativeJS: File OK: data/TouchDefaultPhoneWidescreen.cfg (10924 bytes)
08-22 23:25:26.354  3796  3931 I ReactNativeJS: File OK: data/TouchDefaultTablet4x3.cfg (10926 bytes)
08-22 23:25:26.354  3796  3931 I ReactNativeJS: File OK: data/TouchDefaultTabletWidescreen.cfg (10923 bytes)
08-22 23:25:26.355  3796  3931 I ReactNativeJS: File OK: data/animgrp.dat (3096 bytes)
08-22 23:25:26.356  3796  3931 I ReactNativeJS: File OK: data/ar_stats.dat (3593 bytes)
08-22 23:25:26.357  3796  3931 I ReactNativeJS: File OK: data/carcols.dat (15361 bytes)
08-22 23:25:26.358  3796  3931 I ReactNativeJS: File OK: data/cargrp.dat (3909 bytes)
08-22 23:25:26.359  3796  3931 I ReactNativeJS: File OK: data/carmods.dat (8763 bytes)
08-22 23:25:26.361  3796  3931 I ReactNativeJS: File OK: data/clothes.dat (5317 bytes)
08-22 23:25:26.361  3796  3931 I ReactNativeJS: File OK: data/colorcycle.dat (13612 bytes)
08-22 23:25:26.362  3796  3931 I ReactNativeJS: File OK: data/default.dat (577 bytes)
08-22 23:25:26.366  3796  3931 I ReactNativeJS: File OK: data/default.ide (4679 bytes)
08-22 23:25:26.367  3796  3931 I ReactNativeJS: File OK: data/fonts.dat (3576 bytes)
08-22 23:25:26.367  3796  3931 I ReactNativeJS: File OK: data/furnitur.dat (16480 bytes)
08-22 23:25:26.368  3796  3931 I ReactNativeJS: File OK: data/gridref.dat (1498 bytes)
08-22 23:25:26.369  3796  3931 I ReactNativeJS: File OK: data/gta.dat (3776 bytes)
08-22 23:25:26.370  3796  3931 I ReactNativeJS: File OK: data/handling.cfg (64532 bytes)
08-22 23:25:26.370  3796  3931 I ReactNativeJS: File OK: data/info.zon (28139 bytes)
08-22 23:25:26.371  3796  3931 I ReactNativeJS: File OK: data/mainV1.scm (3169778 bytes)
08-22 23:25:26.372  3796  3931 I ReactNativeJS: File OK: data/map.zon (436 bytes)
08-22 23:25:26.373  3796  3931 I ReactNativeJS: File OK: data/maps/Audiozon.ipl (10802 bytes)
08-22 23:25:26.374  3796  3931 I ReactNativeJS: File OK: data/maps/LA/LAe.ide (12249 bytes)
08-22 23:25:26.375  3796  3931 I ReactNativeJS: File OK: data/maps/LA/LAe.ipl (27328 bytes)
08-22 23:25:26.375  3796  3931 I ReactNativeJS: File OK: data/maps/LA/LAe2.ide (21907 bytes)
08-22 23:25:26.379  3796  3931 I ReactNativeJS: File OK: data/maps/LA/LAe2.ipl (33651 bytes)
08-22 23:25:26.380  3796  3931 I ReactNativeJS: File OK: data/maps/LA/LAhills.ide (10601 bytes)
08-22 23:25:26.381  3796  3931 I ReactNativeJS: File OK: data/maps/LA/LAhills.ipl (34506 bytes)
08-22 23:25:26.382  3796  3931 I ReactNativeJS: File OK: data/maps/LA/LAn.ide (11107 bytes)
08-22 23:25:26.383  3796  3931 I ReactNativeJS: File OK: data/maps/LA/LAn.ipl (14264 bytes)
08-22 23:25:26.383  3796  3931 I ReactNativeJS: File OK: data/maps/LA/LAn2.ide (9565 bytes)
08-22 23:25:26.384  3796  3931 I ReactNativeJS: File OK: data/maps/LA/LAn2.ipl (13185 bytes)
08-22 23:25:26.385  3796  3931 I ReactNativeJS: File OK: data/maps/LA/LAs.ide (12575 bytes)
08-22 23:25:26.386  3796  3931 I ReactNativeJS: File OK: data/maps/LA/LAs.ipl (22414 bytes)
08-22 23:25:26.386  3796  3931 I ReactNativeJS: File OK: data/maps/LA/LAs2.ide (12364 bytes)
08-22 23:25:26.387  3796  3931 I ReactNativeJS: File OK: data/maps/LA/LAs2.ipl (38441 bytes)
08-22 23:25:26.388  3796  3931 I ReactNativeJS: File OK: data/maps/LA/LAw.ide (9412 bytes)
08-22 23:25:26.389  3796  3931 I ReactNativeJS: File OK: data/maps/LA/LAw.ipl (15105 bytes)
08-22 23:25:26.389  3796  3931 I ReactNativeJS: File OK: data/maps/LA/LAw2.ide (11060 bytes)
08-22 23:25:26.390  3796  3931 I ReactNativeJS: File OK: data/maps/LA/LAw2.ipl (18232 bytes)
08-22 23:25:26.391  3796  3931 I ReactNativeJS: File OK: data/maps/LA/LAxref.ide (10477 bytes)
08-22 23:25:26.395  3796  3931 I ReactNativeJS: File OK: data/maps/LA/LaWn.ide (13092 bytes)
08-22 23:25:26.396  3796  3931 I ReactNativeJS: File OK: data/maps/LA/LaWn.ipl (24330 bytes)
08-22 23:25:26.397  3796  3931 I ReactNativeJS: File OK: data/maps/SF/SFSe.ide (30227 bytes)
08-22 23:25:26.397  3796  3931 I ReactNativeJS: File OK: data/maps/SF/SFSe.ipl (53359 bytes)
08-22 23:25:26.398  3796  3931 I ReactNativeJS: File OK: data/maps/SF/SFe.ide (16224 bytes)
08-22 23:25:26.399  3796  3931 I ReactNativeJS: File OK: data/maps/SF/SFe.ipl (26707 bytes)
08-22 23:25:26.400  3796  3931 I ReactNativeJS: File OK: data/maps/SF/SFn.ide (11219 bytes)
08-22 23:25:26.400  3796  3931 I ReactNativeJS: File OK: data/maps/SF/SFn.ipl (26201 bytes)
08-22 23:25:26.401  3796  3931 I ReactNativeJS: File OK: data/maps/SF/SFs.ide (18948 bytes)
08-22 23:25:26.402  3796  3931 I ReactNativeJS: File OK: data/maps/SF/SFs.ipl (37969 bytes)
08-22 23:25:26.403  3796  3931 I ReactNativeJS: File OK: data/maps/SF/SFw.ide (16473 bytes)
08-22 23:25:26.404  3796  3931 I ReactNativeJS: File OK: data/maps/SF/SFw.ipl (29247 bytes)
08-22 23:25:26.404  3796  3931 I ReactNativeJS: File OK: data/maps/SF/SFxref.ide (4631 bytes)
08-22 23:25:26.406  3796  3931 I ReactNativeJS: File OK: data/maps/country/countn2.ide (35439 bytes)
08-22 23:25:26.406  3796  3931 I ReactNativeJS: File OK: data/maps/country/countn2.ipl (41665 bytes)
08-22 23:25:26.407  3796  3931 I ReactNativeJS: File OK: data/maps/country/countryN.ide (11308 bytes)
08-22 23:25:26.408  3796  3931 I ReactNativeJS: File OK: data/maps/country/countryN.ipl (14407 bytes)
08-22 23:25:26.409  3796  3931 I ReactNativeJS: File OK: data/maps/country/countryS.ide (18450 bytes)
08-22 23:25:26.410  3796  3931 I ReactNativeJS: File OK: data/maps/country/countryS.ipl (33835 bytes)
08-22 23:25:26.411  3796  3931 I ReactNativeJS: File OK: data/maps/country/countryW.ide (19704 bytes)
08-22 23:25:26.412  3796  3931 I ReactNativeJS: File OK: data/maps/country/countrye.ide (34529 bytes)
08-22 23:25:26.415  3796  3931 I ReactNativeJS: File OK: data/maps/country/countrye.ipl (49301 bytes)
08-22 23:25:26.416  3796  3931 I ReactNativeJS: File OK: data/maps/country/countryw.ipl (35057 bytes)
08-22 23:25:26.417  3796  3931 I ReactNativeJS: File OK: data/maps/country/counxref.ide (8494 bytes)
08-22 23:25:26.418  3796  3931 I ReactNativeJS: File OK: data/maps/cull.ipl (104318 bytes)
08-22 23:25:26.419  3796  3931 I ReactNativeJS: File OK: data/maps/generic/barriers.ide (1437 bytes)
08-22 23:25:26.420  3796  3931 I ReactNativeJS: File OK: data/maps/generic/dynamic.ide (4611 bytes)
08-22 23:25:26.420  3796  3931 I ReactNativeJS: File OK: data/maps/generic/dynamic2.ide (10510 bytes)
08-22 23:25:26.421  3796  3931 I ReactNativeJS: File OK: data/maps/generic/multiobj.ide (5020 bytes)
08-22 23:25:26.423  3796  3931 I ReactNativeJS: File OK: data/maps/generic/procobj.ide (4755 bytes)
08-22 23:25:26.423  3796  3931 I ReactNativeJS: File OK: data/maps/generic/vegepart.ide (8062 bytes)
08-22 23:25:26.424  3796  3931 I ReactNativeJS: File OK: data/maps/interior/gen_int1.ide (2747 bytes)
08-22 23:25:26.425  3796  3931 I ReactNativeJS: File OK: data/maps/interior/gen_int1.ipl (21074 bytes)
08-22 23:25:26.429  3796  3931 I ReactNativeJS: File OK: data/maps/interior/gen_int2.ide (10941 bytes)
08-22 23:25:26.431  3796  3931 I ReactNativeJS: File OK: data/maps/interior/gen_int2.ipl (1683 bytes)
08-22 23:25:26.433  3796  3931 I ReactNativeJS: File OK: data/maps/interior/gen_int3.ide (3252 bytes)
08-22 23:25:26.434  3796  3931 I ReactNativeJS: File OK: data/maps/interior/gen_int3.ipl (2091 bytes)
08-22 23:25:26.434  3796  3931 I ReactNativeJS: File OK: data/maps/interior/gen_int4.ide (2323 bytes)
08-22 23:25:26.435  3796  3931 I ReactNativeJS: File OK: data/maps/interior/gen_int4.ipl (1185 bytes)
08-22 23:25:26.436  3796  3931 I ReactNativeJS: File OK: data/maps/interior/gen_int5.ide (4682 bytes)
08-22 23:25:26.437  3796  3931 I ReactNativeJS: File OK: data/maps/interior/gen_int5.ipl (2988 bytes)
08-22 23:25:26.438  3796  3931 I ReactNativeJS: File OK: data/maps/interior/gen_intb.ide (5459 bytes)
08-22 23:25:26.439  3796  3931 I ReactNativeJS: File OK: data/maps/interior/gen_intb.ipl (1626 bytes)
08-22 23:25:26.440  3796  3931 I ReactNativeJS: File OK: data/maps/interior/int_LA.ide (6004 bytes)
08-22 23:25:26.441  3796  3931 I ReactNativeJS: File OK: data/maps/interior/int_LA.ipl (1312 bytes)
08-22 23:25:26.442  3796  3931 I ReactNativeJS: File OK: data/maps/interior/int_SF.ide (1260 bytes)
08-22 23:25:26.443  3796  3931 I ReactNativeJS: File OK: data/maps/interior/int_SF.ipl (1334 bytes)
08-22 23:25:26.444  3796  3931 I ReactNativeJS: File OK: data/maps/interior/int_cont.ide (385 bytes)
08-22 23:25:26.445  3796  3931 I ReactNativeJS: File OK: data/maps/interior/int_cont.ipl (910 bytes)
08-22 23:25:26.448  3796  3931 I ReactNativeJS: File OK: data/maps/interior/int_veg.ide (4684 bytes)
08-22 23:25:26.449  3796  3931 I ReactNativeJS: File OK: data/maps/interior/int_veg.ipl (5299 bytes)
08-22 23:25:26.449  3796  3931 I ReactNativeJS: File OK: data/maps/interior/propext.ide (2340 bytes)
08-22 23:25:26.450  3796  3931 I ReactNativeJS: File OK: data/maps/interior/props.ide (26326 bytes)
08-22 23:25:26.451  3796  3931 I ReactNativeJS: File OK: data/maps/interior/props2.ide (21174 bytes)
08-22 23:25:26.452  3796  3931 I ReactNativeJS: File OK: data/maps/interior/savehous.ide (1724 bytes)
08-22 23:25:26.453  3796  3931 I ReactNativeJS: File OK: data/maps/interior/savehous.ipl (2959 bytes)
08-22 23:25:26.453  3796  3931 I ReactNativeJS: File OK: data/maps/interior/stadint.ide (2851 bytes)
08-22 23:25:26.454  3796  3931 I ReactNativeJS: File OK: data/maps/interior/stadint.ipl (6299 bytes)
08-22 23:25:26.455  3796  3931 I ReactNativeJS: File OK: data/maps/leveldes/leveldes.ide (360 bytes)
08-22 23:25:26.456  3796  3931 I ReactNativeJS: File OK: data/maps/leveldes/leveldes.ipl (165 bytes)
08-22 23:25:26.457  3796  3931 I ReactNativeJS: File OK: data/maps/leveldes/levelmap.ide (3194 bytes)
08-22 23:25:26.458  3796  3931 I ReactNativeJS: File OK: data/maps/leveldes/levelmap.ipl (4675 bytes)
08-22 23:25:26.458  3796  3931 I ReactNativeJS: File OK: data/maps/leveldes/levelxre.ide (9897 bytes)
08-22 23:25:26.459  3796  3931 I ReactNativeJS: File OK: data/maps/leveldes/seabed.ide (12039 bytes)
08-22 23:25:26.462  3796  3931 I ReactNativeJS: File OK: data/maps/leveldes/seabed.ipl (23342 bytes)
08-22 23:25:26.463  3796  3931 I ReactNativeJS: File OK: data/maps/occlu.ipl (1012 bytes)
08-22 23:25:26.464  3796  3931 I ReactNativeJS: File OK: data/maps/occluLA.ipl (35956 bytes)
08-22 23:25:26.465  3796  3931 I ReactNativeJS: File OK: data/maps/occluint.ipl (2338 bytes)
08-22 23:25:26.466  3796  3931 I ReactNativeJS: File OK: data/maps/occlusf.ipl (16114 bytes)
08-22 23:25:26.466  3796  3931 I ReactNativeJS: File OK: data/maps/occluveg.ipl (17944 bytes)
08-22 23:25:26.467  3796  3931 I ReactNativeJS: File OK: data/maps/paths.ipl (2658607 bytes)
08-22 23:25:26.468  3796  3931 I ReactNativeJS: File OK: data/maps/paths2.ipl (2292241 bytes)
08-22 23:25:26.469  3796  3931 I ReactNativeJS: File OK: data/maps/paths3.ipl (2428066 bytes)
08-22 23:25:26.469  3796  3931 I ReactNativeJS: File OK: data/maps/paths4.ipl (253014 bytes)
08-22 23:25:26.470  3796  3931 I ReactNativeJS: File OK: data/maps/paths5.ipl (457678 bytes)
08-22 23:25:26.471  3796  3931 I ReactNativeJS: File OK: data/maps/tunnels.ipl (3230 bytes)
08-22 23:25:26.472  3796  3931 I ReactNativeJS: File OK: data/maps/vegas/VegasN.ide (23715 bytes)
08-22 23:25:26.473  3796  3931 I ReactNativeJS: File OK: data/maps/vegas/VegasS.ide (18656 bytes)
08-22 23:25:26.474  3796  3931 I ReactNativeJS: File OK: data/maps/vegas/VegasW.ide (25456 bytes)
08-22 23:25:26.475  3796  3931 I ReactNativeJS: File OK: data/maps/vegas/vegasE.ide (35542 bytes)
08-22 23:25:26.475  3796  3931 I ReactNativeJS: File OK: data/maps/vegas/vegasE.ipl (61084 bytes)
08-22 23:25:26.476  3796  3931 I ReactNativeJS: File OK: data/maps/vegas/vegasN.ipl (36651 bytes)
08-22 23:25:26.480  3796  3931 I ReactNativeJS: File OK: data/maps/vegas/vegasS.ipl (30343 bytes)
08-22 23:25:26.481  3796  3931 I ReactNativeJS: File OK: data/maps/vegas/vegasW.ipl (49867 bytes)
08-22 23:25:26.481  3796  3931 I ReactNativeJS: File OK: data/maps/vegas/vegaxref.ide (5751 bytes)
08-22 23:25:26.482  3796  3931 I ReactNativeJS: File OK: data/maps/vegas/vegaxref.ipl (3661 bytes)
08-22 23:25:26.483  3796  3931 I ReactNativeJS: File OK: data/maps/veh_mods/veh_mods.ide (7323 bytes)
08-22 23:25:26.484  3796  3931 I ReactNativeJS: File OK: data/melee.dat (6306 bytes)
08-22 23:25:26.484  3796  3931 I ReactNativeJS: File OK: data/object.dat (126118 bytes)
08-22 23:25:26.485  3796  3931 I ReactNativeJS: File OK: data/paths/ROADBLOX.DAT (1304 bytes)
08-22 23:25:26.486  3796  3931 I ReactNativeJS: File OK: data/paths/carrec.img (2357248 bytes)
08-22 23:25:26.487  3796  3931 I ReactNativeJS: File OK: data/paths/tracks.dat (25474 bytes)
08-22 23:25:26.487  3796  3931 I ReactNativeJS: File OK: data/paths/tracks2.dat (1892 bytes)
08-22 23:25:26.488  3796  3931 I ReactNativeJS: File OK: data/paths/tracks3.dat (8328 bytes)
08-22 23:25:26.489  3796  3931 I ReactNativeJS: File OK: data/paths/tracks4.dat (18347 bytes)
08-22 23:25:26.490  3796  3931 I ReactNativeJS: File OK: data/ped.dat (1276 bytes)
08-22 23:25:26.509  3796  3931 I ReactNativeJS: File OK: data/pedgrp.dat (5792 bytes)
08-22 23:25:26.512  3796  3931 I ReactNativeJS: File OK: data/peds.ide (33401 bytes)
08-22 23:25:26.513  3796  3931 I ReactNativeJS: File OK: data/pedstats.dat (3604 bytes)
08-22 23:25:26.514  3796  3931 I ReactNativeJS: File OK: data/plants.dat (9887 bytes)
08-22 23:25:26.515  3796  3931 I ReactNativeJS: File OK: data/popcycle.dat (127108 bytes)
08-22 23:25:26.516  3796  3931 I ReactNativeJS: File OK: data/procobj.dat (10019 bytes)
08-22 23:25:26.516  3796  3931 I ReactNativeJS: File OK: data/script/mainV1.scm (3169739 bytes)
08-22 23:25:26.517  3796  3931 I ReactNativeJS: File OK: data/script/scriptv1.img (561152 bytes)
08-22 23:25:26.518  3796  3931 I ReactNativeJS: File OK: data/scriptv1.img (561152 bytes)
08-22 23:25:26.519  3796  3931 I ReactNativeJS: File OK: data/shopping.dat (46875 bytes)
08-22 23:25:26.519  3796  3931 I ReactNativeJS: File OK: data/statdisp.dat (7292 bytes)
08-22 23:25:26.520  3796  3931 I ReactNativeJS: File OK: data/surface.dat (576 bytes)
08-22 23:25:26.521  3796  3931 I ReactNativeJS: File OK: data/surfaud.dat (6530 bytes)
08-22 23:25:26.522  3796  3931 I ReactNativeJS: File OK: data/surfinfo.dat (28106 bytes)
08-22 23:25:26.523  3796  3931 I ReactNativeJS: File OK: data/timecyc.dat (40037 bytes)
08-22 23:25:26.523  3796  3931 I ReactNativeJS: File OK: data/txdcut.ide (478 bytes)
08-22 23:25:26.524  3796  3931 I ReactNativeJS: File OK: data/vehicles.ide (21093 bytes)
08-22 23:25:26.530  3796  3931 I ReactNativeJS: File OK: data/water.dat (70099 bytes)
08-22 23:25:26.532  3796  3931 I ReactNativeJS: File OK: data/water1.dat (60063 bytes)
08-22 23:25:26.533  3796  3931 I ReactNativeJS: File OK: data/weapon.dat (11602 bytes)
08-22 23:25:26.533  3796  3931 I ReactNativeJS: File OK: fonts/arial_bold.ttf (352224 bytes)
08-22 23:25:26.534  3796  3931 I ReactNativeJS: File OK: fonts/gtaweap3.ttf (104004 bytes)
08-22 23:25:26.535  3796  3931 I ReactNativeJS: File OK: fonts/sampaux3.ttf (7376 bytes)
08-22 23:25:26.535  3796  3931 I ReactNativeJS: File OK: models/coll/peds.col (21477 bytes)
08-22 23:25:26.536  3796  3931 I ReactNativeJS: File OK: models/coll/vehicles.col (1096 bytes)
08-22 23:25:26.537  3796  3931 I ReactNativeJS: File OK: models/coll/weapons.col (560 bytes)
08-22 23:25:26.538  3796  3931 I ReactNativeJS: File OK: models/effects.fxp (616708 bytes)
08-22 23:25:26.539  3796  3931 I ReactNativeJS: File OK: stream.ini (197 bytes)
08-22 23:25:26.539  3796  3931 I ReactNativeJS: File OK: texdb/SAMPCOL.img (4253696 bytes)
08-22 23:25:26.540  3796  3931 I ReactNativeJS: Missing file: texdb/gta3/gta3.dxt.dat
08-22 23:25:26.541  3796  3931 I ReactNativeJS: File OK: texdb/gta3/gta3.dxt.tmb (525340 bytes)
08-22 23:25:26.543  3796  3931 I ReactNativeJS: File OK: texdb/gta3/gta3.dxt.toc (49784 bytes)
08-22 23:25:26.547  3796  3931 I ReactNativeJS: File OK: texdb/gta3/gta3.txt (792665 bytes)
08-22 23:25:26.547  3796  3931 I ReactNativeJS: Missing file: texdb/gta3.img
08-22 23:25:26.548  3796  3931 I ReactNativeJS: File OK: texdb/gta_int/gta_int.dxt.dat (13592262 bytes)
08-22 23:25:26.549  3796  3931 I ReactNativeJS: File OK: texdb/gta_int/gta_int.dxt.tmb (663408 bytes)
08-22 23:25:26.549  3796  3931 I ReactNativeJS: File OK: texdb/gta_int/gta_int.dxt.toc (10132 bytes)
08-22 23:25:26.550  3796  3931 I ReactNativeJS: File OK: texdb/gta_int/gta_int.txt (174099 bytes)
08-22 23:25:26.551  3796  3931 I ReactNativeJS: File OK: texdb/gta_int.img (44836864 bytes)
08-22 23:25:26.552  3796  3931 I ReactNativeJS: File OK: texdb/menu/menu.pvr.dat (6472908 bytes)
08-22 23:25:26.553  3796  3931 I ReactNativeJS: File OK: texdb/menu/menu.pvr.tmb (992 bytes)
08-22 23:25:26.553  3796  3931 I ReactNativeJS: File OK: texdb/menu/menu.pvr.toc (176 bytes)
08-22 23:25:26.554  3796  3931 I ReactNativeJS: File OK: texdb/menu/menu.txt (3147 bytes)
08-22 23:25:26.555  3796  3931 I ReactNativeJS: File OK: texdb/mobile/mobile.dxt.dat (7267946 bytes)
08-22 23:25:26.556  3796  3931 I ReactNativeJS: File OK: texdb/mobile/mobile.dxt.tmb (3940 bytes)
08-22 23:25:26.557  3796  3931 I ReactNativeJS: File OK: texdb/mobile/mobile.dxt.toc (792 bytes)
08-22 23:25:26.557  3796  3931 I ReactNativeJS: File OK: texdb/mobile/mobile.txt (14502 bytes)
08-22 23:25:26.562  3796  3931 I ReactNativeJS: File OK: texdb/player/player.pvr.dat (6569414 bytes)
08-22 23:25:26.563  3796  3931 I ReactNativeJS: File OK: texdb/player/player.pvr.tmb (6940 bytes)
08-22 23:25:26.564  3796  3931 I ReactNativeJS: File OK: texdb/player/player.pvr.toc (1580 bytes)
08-22 23:25:26.564  3796  3931 I ReactNativeJS: File OK: texdb/player/player.txt (27810 bytes)
08-22 23:25:26.565  3796  3931 I ReactNativeJS: File OK: texdb/player.img (16412672 bytes)
08-22 23:25:26.566  3796  3931 I ReactNativeJS: File OK: texdb/samp/samp.dxt.dat (22224500 bytes)
08-22 23:25:26.567  3796  3931 I ReactNativeJS: File OK: texdb/samp/samp.dxt.tmb (19824 bytes)
08-22 23:25:26.568  3796  3931 I ReactNativeJS: File OK: texdb/samp/samp.dxt.toc (6156 bytes)
08-22 23:25:26.569  3796  3931 I ReactNativeJS: File OK: texdb/samp/samp.txt (89236 bytes)
08-22 23:25:26.570  3796  3931 I ReactNativeJS: File OK: texdb/samp.img (35909632 bytes)
08-22 23:25:26.571  3796  3931 I ReactNativeJS: File OK: texdb/txd/txd.dxt.dat (7625578 bytes)
08-22 23:25:26.572  3796  3931 I ReactNativeJS: File OK: texdb/txd/txd.dxt.tmb (31028 bytes)
08-22 23:25:26.573  3796  3931 I ReactNativeJS: File OK: texdb/txd/txd.dxt.toc (2376 bytes)
08-22 23:25:26.574  3796  3931 I ReactNativeJS: File OK: texdb/txd/txd.txt (43193 bytes)
08-22 23:25:26.574  3796  3931 I ReactNativeJS: Total files to update: 2 (2 missing, 0 mismatched)
08-22 23:25:26.574  3796  3931 I ReactNativeJS: Game files update required
08-22 23:25:36.622  3796  3931 I ReactNativeJS: Background keep-alive active: 500 ticks
08-22 23:25:40.303  3796  3931 I ReactNativeJS: Starting game files update with NATIVE BATCH downloader...
08-22 23:25:40.304  3796  3931 I ReactNativeJS: Total files to download: 2, Total size: 468832620 bytes
08-22 23:25:40.383  3796  3931 I ReactNativeJS: [AdsService] Rewarded loaded (ready to show)
08-22 23:25:40.389  3796  3931 I ReactNativeJS: Foreground service started
08-22 23:25:40.390  3796  3931 I ReactNativeJS: Batch download started in native code - will continue in background!
08-22 23:25:40.415  3796  3931 I ReactNativeJS: [AdsService] Rewarded ad shown successfully
08-22 23:25:40.642  3796  3931 I ReactNativeJS: App moved to background during download - keeping JavaScript active
08-22 23:26:30.316  3796  3931 I ReactNativeJS: Batch download completed successfully!
08-22 23:26:30.317  3796  3931 I ReactNativeJS: Batch download completed successfully!
08-22 23:26:30.317  3796  3931 I ReactNativeJS: Batch download completed successfully!
08-22 23:26:30.317  3796  3931 I ReactNativeJS: Batch download completed successfully!
08-22 23:26:30.317  3796  3931 I ReactNativeJS: Batch download completed successfully!
08-22 23:26:30.318  3796  3931 I ReactNativeJS: Background keep-alive stopped
08-22 23:26:30.327  3796  3931 I ReactNativeJS: Foreground service stopped
08-22 23:26:30.327  3796  3931 I ReactNativeJS: === getFilesToUpdate() CALLED ===
08-22 23:26:30.327  3796  3931 I ReactNativeJS: Foreground service stopped
08-22 23:26:30.328  3796  3931 I ReactNativeJS: === getFilesToUpdate() CALLED ===
08-22 23:26:30.328  3796  3931 I ReactNativeJS: Foreground service stopped
08-22 23:26:30.328  3796  3931 I ReactNativeJS: === getFilesToUpdate() CALLED ===
08-22 23:26:30.330  3796  3931 I ReactNativeJS: Foreground service stopped
08-22 23:26:30.330  3796  3931 I ReactNativeJS: === getFilesToUpdate() CALLED ===
08-22 23:26:30.332  3796  3931 I ReactNativeJS: Foreground service stopped
08-22 23:26:30.332  3796  3931 I ReactNativeJS: === getFilesToUpdate() CALLED ===
08-22 23:26:30.332  3796  3931 I ReactNativeJS: 'Modify mode:', false
08-22 23:26:30.332  3796  3931 I ReactNativeJS: 'Fetching file list from:', 'https://alynsampmobile.pro/api/game-files'
08-22 23:26:30.335  3796  3931 I ReactNativeJS: 'Modify mode:', false
08-22 23:26:30.336  3796  3931 I ReactNativeJS: 'Fetching file list from:', 'https://alynsampmobile.pro/api/game-files'
08-22 23:26:30.338  3796  3931 I ReactNativeJS: 'Modify mode:', false
08-22 23:26:30.338  3796  3931 I ReactNativeJS: 'Fetching file list from:', 'https://alynsampmobile.pro/api/game-files'
08-22 23:26:30.341  3796  3931 I ReactNativeJS: 'Modify mode:', false
08-22 23:26:30.341  3796  3931 I ReactNativeJS: 'Fetching file list from:', 'https://alynsampmobile.pro/api/game-files'
08-22 23:26:30.343  3796  3931 I ReactNativeJS: 'Modify mode:', false
08-22 23:26:30.344  3796  3931 I ReactNativeJS: 'Fetching file list from:', 'https://alynsampmobile.pro/api/game-files'
08-22 23:26:59.634 10791 10846 I ReactNativeJS: Running "ReactLauncher"
08-22 23:26:59.732 10791 10846 I ReactNativeJS: Audio permission granted
08-22 23:26:59.735 10791 10847 I GameLauncher: Checking for crash: false (file: /storage/emulated/0/Android/data/ro.alynsampmobile.launcher/files/.crash_occurred)
08-22 23:26:59.752 10791 10847 I GameLauncher: Device Info - Android ID: aed2dfb3925c7a97
08-22 23:26:59.752 10791 10847 I GameLauncher: Device Info - Model: SM-A715F
08-22 23:26:59.752 10791 10847 I GameLauncher: Device Info - Board: sm6150
08-22 23:26:59.752 10791 10847 I GameLauncher: Device Info - Android ID: aed2dfb3925c7a97, Model: SM-A715F, Board: sm6150
08-22 23:26:59.967 10791 10846 W ReactNativeJS: InteractionManager has been deprecated and will be removed in a future release. Please refactor long tasks into smaller ones, and  use 'requestIdleCallback' instead.
08-22 23:27:00.468 10791 10846 I ReactNativeJS: 'Service status:', true, 'verified:', true
08-22 23:27:00.701 10791 10846 I ReactNativeJS: 'API initialized successfully', { appStatus: true, appVersion: '20.6.8' }
08-22 23:27:00.900 10791 10846 I ReactNativeJS: App initialized successfully
08-22 23:27:02.004 10791 10846 I ReactNativeJS: [AdsService] Initialized successfully (AppLovin)
08-22 23:27:02.327 10791 10846 I ReactNativeJS: === checkUpdate() CALLED ===
08-22 23:27:02.327 10791 10846 I ReactNativeJS: Checking for updates...
08-22 23:27:02.343 10791 10846 I ReactNativeJS: 'Service status:', true, 'verified:', true
08-22 23:27:02.343 10791 10846 I ReactNativeJS: Service is open, checking for updates...
08-22 23:27:02.343 10791 10846 I ReactNativeJS: Server game version: 20.6.8, Local: 20.6.8
08-22 23:27:02.343 10791 10846 I ReactNativeJS: Checking game files...
08-22 23:27:02.343 10791 10846 I ReactNativeJS: === getFilesToUpdate() CALLED ===
08-22 23:27:02.366 10791 10846 I ReactNativeJS: 'Modify mode:', false
08-22 23:27:02.367 10791 10846 I ReactNativeJS: 'Fetching file list from:', 'https://alynsampmobile.pro/api/game-files'
08-22 23:27:03.281 10791 10846 I ReactNativeJS: Server has 283 files to check
08-22 23:27:03.281 10791 10846 I ReactNativeJS: 'gameFilesPath:', '/storage/emulated/0/Android/data/ro.alynsampmobile.launcher/files'
08-22 23:27:03.283 10791 10846 I ReactNativeJS: File OK: SAMP/SAMP.ide (89358 bytes)
08-22 23:27:03.284 10791 10846 I ReactNativeJS: File OK: SAMP/TIMECYC.DAT (40037 bytes)
08-22 23:27:03.285 10791 10846 I ReactNativeJS: File OK: SAMP/WEAPON.dat (11585 bytes)
08-22 23:27:03.286 10791 10846 I ReactNativeJS: File OK: SAMP/alyn_logo.png (2308685 bytes)
08-22 23:27:03.287 10791 10846 I ReactNativeJS: File OK: SAMP/blockpunch.png (117414 bytes)
08-22 23:27:03.288 10791 10846 I ReactNativeJS: File OK: SAMP/blockpunch_hover.png (90283 bytes)
08-22 23:27:03.290 10791 10846 I ReactNativeJS: File OK: SAMP/gta.dat (3789 bytes)
08-22 23:27:03.292 10791 10846 I ReactNativeJS: File OK: SAMP/handling.cfg (64532 bytes)
08-22 23:27:03.293 10791 10846 I ReactNativeJS: File OK: SAMP/main.scm (96997 bytes)
08-22 23:27:03.294 10791 10846 I ReactNativeJS: File OK: SAMP/peds.ide (36369 bytes)
08-22 23:27:03.295 10791 10846 I ReactNativeJS: File OK: SAMP/script.img (184320 bytes)
08-22 23:27:03.296 10791 10846 I ReactNativeJS: File OK: SAMP/tracks2.dat (1 bytes)
08-22 23:27:03.297 10791 10846 I ReactNativeJS: File OK: SAMP/tracks4.dat (1 bytes)
08-22 23:27:03.298 10791 10846 I ReactNativeJS: File OK: SAMP/vehicles.ide (21093 bytes)
08-22 23:27:03.298 10791 10846 I ReactNativeJS: File OK: anim/anim.img (10942464 bytes)
08-22 23:27:03.299 10791 10846 I ReactNativeJS: File OK: anim/cuts.img (16029696 bytes)
08-22 23:27:03.300 10791 10846 I ReactNativeJS: File OK: anim/ped.ifp (1433248 bytes)
08-22 23:27:03.301 10791 10846 I ReactNativeJS: File OK: audio/CONFIG/AudioEventHistory.txt (114056 bytes)
08-22 23:27:03.302 10791 10846 I ReactNativeJS: File OK: audio/CONFIG/BankLkup.dat (8520 bytes)
08-22 23:27:03.303 10791 10846 I ReactNativeJS: File OK: audio/CONFIG/BankSlot.dat (216902 bytes)
08-22 23:27:03.305 10791 10846 I ReactNativeJS: File OK: audio/CONFIG/EventVol.dat (45402 bytes)
08-22 23:27:03.306 10791 10846 I ReactNativeJS: File OK: audio/CONFIG/PakFiles.dat (468 bytes)
08-22 23:27:03.308 10791 10846 I ReactNativeJS: File OK: audio/CONFIG/SOUNDINF.DAT (746760 bytes)
08-22 23:27:03.309 10791 10846 I ReactNativeJS: File OK: audio/CONFIG/StrmPaks.dat (272 bytes)
08-22 23:27:03.310 10791 10846 I ReactNativeJS: File OK: audio/CONFIG/TRKHEAD.DAT (15506696 bytes)
08-22 23:27:03.311 10791 10846 I ReactNativeJS: File OK: audio/CONFIG/TrakLkup.dat (23064 bytes)
08-22 23:27:03.312 10791 10846 I ReactNativeJS: File OK: audio/SFX/FEET.osw (138118 bytes)
08-22 23:27:03.313 10791 10846 I ReactNativeJS: File OK: audio/SFX/FEET.osw.idx (1220 bytes)
08-22 23:27:03.314 10791 10846 I ReactNativeJS: File OK: audio/SFX/GENRL.osw (9362373 bytes)
08-22 23:27:03.315 10791 10846 I ReactNativeJS: File OK: audio/SFX/GENRL.osw.idx (20868 bytes)
08-22 23:27:03.316 10791 10846 I ReactNativeJS: File OK: audio/SFX/PAIN_A.osw (3247335 bytes)
08-22 23:27:03.316 10791 10846 I ReactNativeJS: File OK: audio/SFX/PAIN_A.osw.idx (12836 bytes)
08-22 23:27:03.317 10791 10846 I ReactNativeJS: File OK: audio/STREAMS/AA.osw (15462 bytes)
08-22 23:27:03.318 10791 10846 I ReactNativeJS: File OK: audio/STREAMS/AA.osw.idx (1522 bytes)
08-22 23:27:03.319 10791 10846 I ReactNativeJS: File OK: audio/STREAMS/ADVERTS.osw (3516982 bytes)
08-22 23:27:03.321 10791 10846 I ReactNativeJS: File OK: audio/STREAMS/ADVERTS.osw.idx (1591 bytes)
08-22 23:27:03.322 10791 10846 I ReactNativeJS: File OK: audio/STREAMS/AMBIENCE.osw (22719112 bytes)
08-22 23:27:03.325 10791 10846 I ReactNativeJS: File OK: audio/STREAMS/AMBIENCE.osw.idx (924 bytes)
08-22 23:27:03.326 10791 10846 I ReactNativeJS: File OK: audio/STREAMS/BEATS.osw (9415375 bytes)
08-22 23:27:03.327 10791 10846 I ReactNativeJS: File OK: audio/STREAMS/BEATS.osw.idx (234 bytes)
08-22 23:27:03.328 10791 10846 I ReactNativeJS: File OK: audio/STREAMS/CH.osw (15462 bytes)
08-22 23:27:03.328 10791 10846 I ReactNativeJS: File OK: audio/STREAMS/CH.osw.idx (2994 bytes)
08-22 23:27:03.329 10791 10846 I ReactNativeJS: File OK: audio/STREAMS/CO.osw (15462 bytes)
08-22 23:27:03.330 10791 10846 I ReactNativeJS: File OK: audio/STREAMS/CO.osw.idx (3569 bytes)
08-22 23:27:03.331 10791 10846 I ReactNativeJS: File OK: audio/STREAMS/CR.osw (15462 bytes)
08-22 23:27:03.332 10791 10846 I ReactNativeJS: File OK: audio/STREAMS/CR.osw.idx (3592 bytes)
08-22 23:27:03.333 10791 10846 I ReactNativeJS: File OK: audio/STREAMS/CUTSCENE.osw (301175 bytes)
08-22 23:27:03.333 10791 10846 I ReactNativeJS: File OK: audio/STREAMS/CUTSCENE.osw.idx (3247 bytes)
08-22 23:27:03.334 10791 10846 I ReactNativeJS: File OK: audio/STREAMS/DS.osw (15462 bytes)
08-22 23:27:03.335 10791 10846 I ReactNativeJS: File OK: audio/STREAMS/DS.osw.idx (4121 bytes)
08-22 23:27:03.336 10791 10846 I ReactNativeJS: File OK: audio/STREAMS/HC.osw (15462 bytes)
08-22 23:27:03.338 10791 10846 I ReactNativeJS: File OK: audio/STREAMS/HC.osw.idx (2649 bytes)
08-22 23:27:03.340 10791 10846 I ReactNativeJS: File OK: audio/STREAMS/MH.osw (15462 bytes)
08-22 23:27:03.341 10791 10846 I ReactNativeJS: File OK: audio/STREAMS/MH.osw.idx (3500 bytes)
08-22 23:27:03.342 10791 10846 I ReactNativeJS: File OK: audio/STREAMS/MR.osw (15462 bytes)
08-22 23:27:03.343 10791 10846 I ReactNativeJS: File OK: audio/STREAMS/MR.osw.idx (3385 bytes)
08-22 23:27:03.344 10791 10846 I ReactNativeJS: File OK: audio/STREAMS/NJ.osw (15462 bytes)
08-22 23:27:03.345 10791 10846 I ReactNativeJS: File OK: audio/STREAMS/NJ.osw.idx (2994 bytes)
08-22 23:27:03.345 10791 10846 I ReactNativeJS: File OK: audio/STREAMS/RE.osw (15462 bytes)
08-22 23:27:03.346 10791 10846 I ReactNativeJS: File OK: audio/STREAMS/RE.osw.idx (3707 bytes)
08-22 23:27:03.347 10791 10846 I ReactNativeJS: File OK: audio/STREAMS/RG.osw (15462 bytes)
08-22 23:27:03.348 10791 10846 I ReactNativeJS: File OK: audio/STREAMS/RG.osw.idx (3914 bytes)
08-22 23:27:03.349 10791 10846 I ReactNativeJS: File OK: audio/STREAMS/TK.osw (15462 bytes)
08-22 23:27:03.350 10791 10846 I ReactNativeJS: File OK: audio/STREAMS/TK.osw.idx (2327 bytes)
08-22 23:27:03.351 10791 10846 I ReactNativeJS: File OK: data/360Default1280x720.cfg (10898 bytes)
08-22 23:27:03.351 10791 10846 I ReactNativeJS: File OK: data/360Default960x720.cfg (10888 bytes)
08-22 23:27:03.352 10791 10846 I ReactNativeJS: File OK: data/Decision/Allowed/Cop.ped (4908 bytes)
08-22 23:27:03.354 10791 10846 I ReactNativeJS: File OK: data/Decision/Allowed/Fireman.ped (4435 bytes)
08-22 23:27:03.357 10791 10846 I ReactNativeJS: File OK: data/Decision/Allowed/GangMbr.ped (6194 bytes)
08-22 23:27:03.358 10791 10846 I ReactNativeJS: File OK: data/Decision/Allowed/Indoors.ped (2809 bytes)
08-22 23:27:03.359 10791 10846 I ReactNativeJS: File OK: data/Decision/Allowed/MISSION.grp (2758 bytes)
08-22 23:27:03.360 10791 10846 I ReactNativeJS: File OK: data/Decision/Allowed/RANDOM.grp (4623 bytes)
08-22 23:27:03.361 10791 10846 I ReactNativeJS: File OK: data/Decision/Allowed/RANDOM.ped (4142 bytes)
08-22 23:27:03.362 10791 10846 I ReactNativeJS: File OK: data/Decision/Allowed/RANDOM2.grp (4623 bytes)
08-22 23:27:03.363 10791 10846 I ReactNativeJS: File OK: data/Decision/Allowed/R_Norm.ped (6450 bytes)
08-22 23:27:03.363 10791 10846 I ReactNativeJS: File OK: data/Decision/Allowed/R_Tough.ped (6378 bytes)
08-22 23:27:03.364 10791 10846 I ReactNativeJS: File OK: data/Decision/Allowed/R_Weak.ped (6289 bytes)
08-22 23:27:03.365 10791 10846 I ReactNativeJS: File OK: data/Decision/Allowed/m_empty.ped (982 bytes)
08-22 23:27:03.366 10791 10846 I ReactNativeJS: File OK: data/Decision/Allowed/m_norm.ped (4142 bytes)
08-22 23:27:03.367 10791 10846 I ReactNativeJS: File OK: data/Decision/Allowed/m_plyr.ped (2000 bytes)
08-22 23:27:03.368 10791 10846 I ReactNativeJS: File OK: data/Decision/Allowed/m_steal.ped (3663 bytes)
08-22 23:27:03.368 10791 10846 I ReactNativeJS: File OK: data/Decision/Allowed/m_tough.ped (3980 bytes)
08-22 23:27:03.370 10791 10846 I ReactNativeJS: File OK: data/Decision/Allowed/m_weak.ped (4062 bytes)
08-22 23:27:03.371 10791 10846 I ReactNativeJS: File OK: data/Decision/PedEvent.txt (1298 bytes)
08-22 23:27:03.374 10791 10846 I ReactNativeJS: File OK: data/ShopUVs.dat (30509 bytes)
08-22 23:27:03.375 10791 10846 I ReactNativeJS: File OK: data/TouchDefaultPhone3x2.cfg (10912 bytes)
08-22 23:27:03.376 10791 10846 I ReactNativeJS: File OK: data/TouchDefaultPhoneWidescreen.cfg (10924 bytes)
08-22 23:27:03.377 10791 10846 I ReactNativeJS: File OK: data/TouchDefaultTablet4x3.cfg (10926 bytes)
08-22 23:27:03.377 10791 10846 I ReactNativeJS: File OK: data/TouchDefaultTabletWidescreen.cfg (10923 bytes)
08-22 23:27:03.378 10791 10846 I ReactNativeJS: File OK: data/animgrp.dat (3096 bytes)
08-22 23:27:03.379 10791 10846 I ReactNativeJS: File OK: data/ar_stats.dat (3593 bytes)
08-22 23:27:03.380 10791 10846 I ReactNativeJS: File OK: data/carcols.dat (15361 bytes)
08-22 23:27:03.381 10791 10846 I ReactNativeJS: File OK: data/cargrp.dat (3909 bytes)
08-22 23:27:03.381 10791 10846 I ReactNativeJS: File OK: data/carmods.dat (8763 bytes)
08-22 23:27:03.382 10791 10846 I ReactNativeJS: File OK: data/clothes.dat (5317 bytes)
08-22 23:27:03.383 10791 10846 I ReactNativeJS: File OK: data/colorcycle.dat (13612 bytes)
08-22 23:27:03.384 10791 10846 I ReactNativeJS: File OK: data/default.dat (577 bytes)
08-22 23:27:03.385 10791 10846 I ReactNativeJS: File OK: data/default.ide (4679 bytes)
08-22 23:27:03.387 10791 10846 I ReactNativeJS: File OK: data/fonts.dat (3576 bytes)
08-22 23:27:03.388 10791 10846 I ReactNativeJS: File OK: data/furnitur.dat (16480 bytes)
08-22 23:27:03.392 10791 10846 I ReactNativeJS: File OK: data/gridref.dat (1498 bytes)
08-22 23:27:03.393 10791 10846 I ReactNativeJS: File OK: data/gta.dat (3776 bytes)
08-22 23:27:03.393 10791 10846 I ReactNativeJS: File OK: data/handling.cfg (64532 bytes)
08-22 23:27:03.394 10791 10846 I ReactNativeJS: File OK: data/info.zon (28139 bytes)
08-22 23:27:03.395 10791 10846 I ReactNativeJS: File OK: data/mainV1.scm (3169778 bytes)
08-22 23:27:03.396 10791 10846 I ReactNativeJS: File OK: data/map.zon (436 bytes)
08-22 23:27:03.397 10791 10846 I ReactNativeJS: File OK: data/maps/Audiozon.ipl (10802 bytes)
08-22 23:27:03.398 10791 10846 I ReactNativeJS: File OK: data/maps/LA/LAe.ide (12249 bytes)
08-22 23:27:03.398 10791 10846 I ReactNativeJS: File OK: data/maps/LA/LAe.ipl (27328 bytes)
08-22 23:27:03.399 10791 10846 I ReactNativeJS: File OK: data/maps/LA/LAe2.ide (21907 bytes)
08-22 23:27:03.400 10791 10846 I ReactNativeJS: File OK: data/maps/LA/LAe2.ipl (33651 bytes)
08-22 23:27:03.401 10791 10846 I ReactNativeJS: File OK: data/maps/LA/LAhills.ide (10601 bytes)
08-22 23:27:03.402 10791 10846 I ReactNativeJS: File OK: data/maps/LA/LAhills.ipl (34506 bytes)
08-22 23:27:03.404 10791 10846 I ReactNativeJS: File OK: data/maps/LA/LAn.ide (11107 bytes)
08-22 23:27:03.405 10791 10846 I ReactNativeJS: File OK: data/maps/LA/LAn.ipl (14264 bytes)
08-22 23:27:03.408 10791 10846 I ReactNativeJS: File OK: data/maps/LA/LAn2.ide (9565 bytes)
08-22 23:27:03.409 10791 10846 I ReactNativeJS: File OK: data/maps/LA/LAn2.ipl (13185 bytes)
08-22 23:27:03.409 10791 10846 I ReactNativeJS: File OK: data/maps/LA/LAs.ide (12575 bytes)
08-22 23:27:03.410 10791 10846 I ReactNativeJS: File OK: data/maps/LA/LAs.ipl (22414 bytes)
08-22 23:27:03.411 10791 10846 I ReactNativeJS: File OK: data/maps/LA/LAs2.ide (12364 bytes)
08-22 23:27:03.412 10791 10846 I ReactNativeJS: File OK: data/maps/LA/LAs2.ipl (38441 bytes)
08-22 23:27:03.413 10791 10846 I ReactNativeJS: File OK: data/maps/LA/LAw.ide (9412 bytes)
08-22 23:27:03.414 10791 10846 I ReactNativeJS: File OK: data/maps/LA/LAw.ipl (15105 bytes)
08-22 23:27:03.415 10791 10846 I ReactNativeJS: File OK: data/maps/LA/LAw2.ide (11060 bytes)
08-22 23:27:03.415 10791 10846 I ReactNativeJS: File OK: data/maps/LA/LAw2.ipl (18232 bytes)
08-22 23:27:03.416 10791 10846 I ReactNativeJS: File OK: data/maps/LA/LAxref.ide (10477 bytes)
08-22 23:27:03.417 10791 10846 I ReactNativeJS: File OK: data/maps/LA/LaWn.ide (13092 bytes)
08-22 23:27:03.418 10791 10846 I ReactNativeJS: File OK: data/maps/LA/LaWn.ipl (24330 bytes)
08-22 23:27:03.419 10791 10846 I ReactNativeJS: File OK: data/maps/SF/SFSe.ide (30227 bytes)
08-22 23:27:03.421 10791 10846 I ReactNativeJS: File OK: data/maps/SF/SFSe.ipl (53359 bytes)
08-22 23:27:03.424 10791 10846 I ReactNativeJS: File OK: data/maps/SF/SFe.ide (16224 bytes)
08-22 23:27:03.425 10791 10846 I ReactNativeJS: File OK: data/maps/SF/SFe.ipl (26707 bytes)
08-22 23:27:03.425 10791 10846 I ReactNativeJS: File OK: data/maps/SF/SFn.ide (11219 bytes)
08-22 23:27:03.426 10791 10846 I ReactNativeJS: File OK: data/maps/SF/SFn.ipl (26201 bytes)
08-22 23:27:03.427 10791 10846 I ReactNativeJS: File OK: data/maps/SF/SFs.ide (18948 bytes)
08-22 23:27:03.428 10791 10846 I ReactNativeJS: File OK: data/maps/SF/SFs.ipl (37969 bytes)
08-22 23:27:03.429 10791 10846 I ReactNativeJS: File OK: data/maps/SF/SFw.ide (16473 bytes)
08-22 23:27:03.430 10791 10846 I ReactNativeJS: File OK: data/maps/SF/SFw.ipl (29247 bytes)
08-22 23:27:03.430 10791 10846 I ReactNativeJS: File OK: data/maps/SF/SFxref.ide (4631 bytes)
08-22 23:27:03.431 10791 10846 I ReactNativeJS: File OK: data/maps/country/countn2.ide (35439 bytes)
08-22 23:27:03.432 10791 10846 I ReactNativeJS: File OK: data/maps/country/countn2.ipl (41665 bytes)
08-22 23:27:03.433 10791 10846 I ReactNativeJS: File OK: data/maps/country/countryN.ide (11308 bytes)
08-22 23:27:03.434 10791 10846 I ReactNativeJS: File OK: data/maps/country/countryN.ipl (14407 bytes)
08-22 23:27:03.435 10791 10846 I ReactNativeJS: File OK: data/maps/country/countryS.ide (18450 bytes)
08-22 23:27:03.437 10791 10846 I ReactNativeJS: File OK: data/maps/country/countryS.ipl (33835 bytes)
08-22 23:27:03.440 10791 10846 I ReactNativeJS: File OK: data/maps/country/countryW.ide (19704 bytes)
08-22 23:27:03.442 10791 10846 I ReactNativeJS: File OK: data/maps/country/countrye.ide (34529 bytes)
08-22 23:27:03.442 10791 10846 I ReactNativeJS: File OK: data/maps/country/countrye.ipl (49301 bytes)
08-22 23:27:03.443 10791 10846 I ReactNativeJS: File OK: data/maps/country/countryw.ipl (35057 bytes)
08-22 23:27:03.444 10791 10846 I ReactNativeJS: File OK: data/maps/country/counxref.ide (8494 bytes)
08-22 23:27:03.445 10791 10846 I ReactNativeJS: File OK: data/maps/cull.ipl (104318 bytes)
08-22 23:27:03.446 10791 10846 I ReactNativeJS: File OK: data/maps/generic/barriers.ide (1437 bytes)
08-22 23:27:03.446 10791 10846 I ReactNativeJS: File OK: data/maps/generic/dynamic.ide (4611 bytes)
08-22 23:27:03.447 10791 10846 I ReactNativeJS: File OK: data/maps/generic/dynamic2.ide (10510 bytes)
08-22 23:27:03.448 10791 10846 I ReactNativeJS: File OK: data/maps/generic/multiobj.ide (5020 bytes)
08-22 23:27:03.449 10791 10846 I ReactNativeJS: File OK: data/maps/generic/procobj.ide (4755 bytes)
08-22 23:27:03.450 10791 10846 I ReactNativeJS: File OK: data/maps/generic/vegepart.ide (8062 bytes)
08-22 23:27:03.451 10791 10846 I ReactNativeJS: File OK: data/maps/interior/gen_int1.ide (2747 bytes)
08-22 23:27:03.452 10791 10846 I ReactNativeJS: File OK: data/maps/interior/gen_int1.ipl (21074 bytes)
08-22 23:27:03.452 10791 10846 I ReactNativeJS: File OK: data/maps/interior/gen_int2.ide (10941 bytes)
08-22 23:27:03.453 10791 10846 I ReactNativeJS: File OK: data/maps/interior/gen_int2.ipl (1683 bytes)
08-22 23:27:03.455 10791 10846 I ReactNativeJS: File OK: data/maps/interior/gen_int3.ide (3252 bytes)
08-22 23:27:03.457 10791 10846 I ReactNativeJS: File OK: data/maps/interior/gen_int3.ipl (2091 bytes)
08-22 23:27:03.458 10791 10846 I ReactNativeJS: File OK: data/maps/interior/gen_int4.ide (2323 bytes)
08-22 23:27:03.459 10791 10846 I ReactNativeJS: File OK: data/maps/interior/gen_int4.ipl (1185 bytes)
08-22 23:27:03.460 10791 10846 I ReactNativeJS: File OK: data/maps/interior/gen_int5.ide (4682 bytes)
08-22 23:27:03.461 10791 10846 I ReactNativeJS: File OK: data/maps/interior/gen_int5.ipl (2988 bytes)
08-22 23:27:03.462 10791 10846 I ReactNativeJS: File OK: data/maps/interior/gen_intb.ide (5459 bytes)
08-22 23:27:03.463 10791 10846 I ReactNativeJS: File OK: data/maps/interior/gen_intb.ipl (1626 bytes)
08-22 23:27:03.463 10791 10846 I ReactNativeJS: File OK: data/maps/interior/int_LA.ide (6004 bytes)
08-22 23:27:03.464 10791 10846 I ReactNativeJS: File OK: data/maps/interior/int_LA.ipl (1312 bytes)
08-22 23:27:03.465 10791 10846 I ReactNativeJS: File OK: data/maps/interior/int_SF.ide (1260 bytes)
08-22 23:27:03.466 10791 10846 I ReactNativeJS: File OK: data/maps/interior/int_SF.ipl (1334 bytes)
08-22 23:27:03.467 10791 10846 I ReactNativeJS: File OK: data/maps/interior/int_cont.ide (385 bytes)
08-22 23:27:03.468 10791 10846 I ReactNativeJS: File OK: data/maps/interior/int_cont.ipl (910 bytes)
08-22 23:27:03.468 10791 10846 I ReactNativeJS: File OK: data/maps/interior/int_veg.ide (4684 bytes)
08-22 23:27:03.469 10791 10846 I ReactNativeJS: File OK: data/maps/interior/int_veg.ipl (5299 bytes)
08-22 23:27:03.471 10791 10846 I ReactNativeJS: File OK: data/maps/interior/propext.ide (2340 bytes)
08-22 23:27:03.474 10791 10846 I ReactNativeJS: File OK: data/maps/interior/props.ide (26326 bytes)
08-22 23:27:03.475 10791 10846 I ReactNativeJS: File OK: data/maps/interior/props2.ide (21174 bytes)
08-22 23:27:03.479 10791 10846 I ReactNativeJS: File OK: data/maps/interior/savehous.ide (1724 bytes)
08-22 23:27:03.480 10791 10846 I ReactNativeJS: File OK: data/maps/interior/savehous.ipl (2959 bytes)
08-22 23:27:03.481 10791 10846 I ReactNativeJS: File OK: data/maps/interior/stadint.ide (2851 bytes)
08-22 23:27:03.481 10791 10846 I ReactNativeJS: File OK: data/maps/interior/stadint.ipl (6299 bytes)
08-22 23:27:03.482 10791 10846 I ReactNativeJS: File OK: data/maps/leveldes/leveldes.ide (360 bytes)
08-22 23:27:03.483 10791 10846 I ReactNativeJS: File OK: data/maps/leveldes/leveldes.ipl (165 bytes)
08-22 23:27:03.484 10791 10846 I ReactNativeJS: File OK: data/maps/leveldes/levelmap.ide (3194 bytes)
08-22 23:27:03.485 10791 10846 I ReactNativeJS: File OK: data/maps/leveldes/levelmap.ipl (4675 bytes)
08-22 23:27:03.487 10791 10846 I ReactNativeJS: File OK: data/maps/leveldes/levelxre.ide (9897 bytes)
08-22 23:27:03.488 10791 10846 I ReactNativeJS: File OK: data/maps/leveldes/seabed.ide (12039 bytes)
08-22 23:27:03.491 10791 10846 I ReactNativeJS: File OK: data/maps/leveldes/seabed.ipl (23342 bytes)
08-22 23:27:03.492 10791 10846 I ReactNativeJS: File OK: data/maps/occlu.ipl (1012 bytes)
08-22 23:27:03.492 10791 10846 I ReactNativeJS: File OK: data/maps/occluLA.ipl (35956 bytes)
08-22 23:27:03.493 10791 10846 I ReactNativeJS: File OK: data/maps/occluint.ipl (2338 bytes)
08-22 23:27:03.494 10791 10846 I ReactNativeJS: File OK: data/maps/occlusf.ipl (16114 bytes)
08-22 23:27:03.495 10791 10846 I ReactNativeJS: File OK: data/maps/occluveg.ipl (17944 bytes)
08-22 23:27:03.496 10791 10846 I ReactNativeJS: File OK: data/maps/paths.ipl (2658607 bytes)
08-22 23:27:03.496 10791 10846 I ReactNativeJS: File OK: data/maps/paths2.ipl (2292241 bytes)
08-22 23:27:03.497 10791 10846 I ReactNativeJS: File OK: data/maps/paths3.ipl (2428066 bytes)
08-22 23:27:03.498 10791 10846 I ReactNativeJS: File OK: data/maps/paths4.ipl (253014 bytes)
08-22 23:27:03.499 10791 10846 I ReactNativeJS: File OK: data/maps/paths5.ipl (457678 bytes)
08-22 23:27:03.500 10791 10846 I ReactNativeJS: File OK: data/maps/tunnels.ipl (3230 bytes)
08-22 23:27:03.501 10791 10846 I ReactNativeJS: File OK: data/maps/vegas/VegasN.ide (23715 bytes)
08-22 23:27:03.502 10791 10846 I ReactNativeJS: File OK: data/maps/vegas/VegasS.ide (18656 bytes)
08-22 23:27:03.504 10791 10846 I ReactNativeJS: File OK: data/maps/vegas/VegasW.ide (25456 bytes)
08-22 23:27:03.506 10791 10846 I ReactNativeJS: File OK: data/maps/vegas/vegasE.ide (35542 bytes)
08-22 23:27:03.507 10791 10846 I ReactNativeJS: File OK: data/maps/vegas/vegasE.ipl (61084 bytes)
08-22 23:27:03.508 10791 10846 I ReactNativeJS: File OK: data/maps/vegas/vegasN.ipl (36651 bytes)
08-22 23:27:03.509 10791 10846 I ReactNativeJS: File OK: data/maps/vegas/vegasS.ipl (30343 bytes)
08-22 23:27:03.510 10791 10846 I ReactNativeJS: File OK: data/maps/vegas/vegasW.ipl (49867 bytes)
08-22 23:27:03.511 10791 10846 I ReactNativeJS: File OK: data/maps/vegas/vegaxref.ide (5751 bytes)
08-22 23:27:03.512 10791 10846 I ReactNativeJS: File OK: data/maps/vegas/vegaxref.ipl (3661 bytes)
08-22 23:27:03.513 10791 10846 I ReactNativeJS: File OK: data/maps/veh_mods/veh_mods.ide (7323 bytes)
08-22 23:27:03.513 10791 10846 I ReactNativeJS: File OK: data/melee.dat (6306 bytes)
08-22 23:27:03.514 10791 10846 I ReactNativeJS: File OK: data/object.dat (126118 bytes)
08-22 23:27:03.515 10791 10846 I ReactNativeJS: File OK: data/paths/ROADBLOX.DAT (1304 bytes)
08-22 23:27:03.516 10791 10846 I ReactNativeJS: File OK: data/paths/carrec.img (2357248 bytes)
08-22 23:27:03.517 10791 10846 I ReactNativeJS: File OK: data/paths/tracks.dat (25474 bytes)
08-22 23:27:03.518 10791 10846 I ReactNativeJS: File OK: data/paths/tracks2.dat (1892 bytes)
08-22 23:27:03.518 10791 10846 I ReactNativeJS: File OK: data/paths/tracks3.dat (8328 bytes)
08-22 23:27:03.520 10791 10846 I ReactNativeJS: File OK: data/paths/tracks4.dat (18347 bytes)
08-22 23:27:03.523 10791 10846 I ReactNativeJS: File OK: data/ped.dat (1276 bytes)
08-22 23:27:03.524 10791 10846 I ReactNativeJS: File OK: data/pedgrp.dat (5792 bytes)
08-22 23:27:03.525 10791 10846 I ReactNativeJS: File OK: data/peds.ide (33401 bytes)
08-22 23:27:03.526 10791 10846 I ReactNativeJS: File OK: data/pedstats.dat (3604 bytes)
08-22 23:27:03.526 10791 10846 I ReactNativeJS: File OK: data/plants.dat (9887 bytes)
08-22 23:27:03.527 10791 10846 I ReactNativeJS: File OK: data/popcycle.dat (127108 bytes)
08-22 23:27:03.528 10791 10846 I ReactNativeJS: File OK: data/procobj.dat (10019 bytes)
08-22 23:27:03.529 10791 10846 I ReactNativeJS: File OK: data/script/mainV1.scm (3169739 bytes)
08-22 23:27:03.530 10791 10846 I ReactNativeJS: File OK: data/script/scriptv1.img (561152 bytes)
08-22 23:27:03.531 10791 10846 I ReactNativeJS: File OK: data/scriptv1.img (561152 bytes)
08-22 23:27:03.532 10791 10846 I ReactNativeJS: File OK: data/shopping.dat (46875 bytes)
08-22 23:27:03.533 10791 10846 I ReactNativeJS: File OK: data/statdisp.dat (7292 bytes)
08-22 23:27:03.533 10791 10846 I ReactNativeJS: File OK: data/surface.dat (576 bytes)
08-22 23:27:03.534 10791 10846 I ReactNativeJS: File OK: data/surfaud.dat (6530 bytes)
08-22 23:27:03.536 10791 10846 I ReactNativeJS: File OK: data/surfinfo.dat (28106 bytes)
08-22 23:27:03.537 10791 10846 I ReactNativeJS: File OK: data/timecyc.dat (40037 bytes)
08-22 23:27:03.541 10791 10846 I ReactNativeJS: File OK: data/txdcut.ide (478 bytes)
08-22 23:27:03.542 10791 10846 I ReactNativeJS: File OK: data/vehicles.ide (21093 bytes)
08-22 23:27:03.542 10791 10846 I ReactNativeJS: File OK: data/water.dat (70099 bytes)
08-22 23:27:03.543 10791 10846 I ReactNativeJS: File OK: data/water1.dat (60063 bytes)
08-22 23:27:03.544 10791 10846 I ReactNativeJS: File OK: data/weapon.dat (11602 bytes)
08-22 23:27:03.545 10791 10846 I ReactNativeJS: File OK: fonts/arial_bold.ttf (352224 bytes)
08-22 23:27:03.546 10791 10846 I ReactNativeJS: File OK: fonts/gtaweap3.ttf (104004 bytes)
08-22 23:27:03.546 10791 10846 I ReactNativeJS: File OK: fonts/sampaux3.ttf (7376 bytes)
08-22 23:27:03.547 10791 10846 I ReactNativeJS: File OK: models/coll/peds.col (21477 bytes)
08-22 23:27:03.548 10791 10846 I ReactNativeJS: File OK: models/coll/vehicles.col (1096 bytes)
08-22 23:27:03.549 10791 10846 I ReactNativeJS: File OK: models/coll/weapons.col (560 bytes)
08-22 23:27:03.550 10791 10846 I ReactNativeJS: File OK: models/effects.fxp (616708 bytes)
08-22 23:27:03.551 10791 10846 I ReactNativeJS: File OK: stream.ini (197 bytes)
08-22 23:27:03.552 10791 10846 I ReactNativeJS: File OK: texdb/SAMPCOL.img (4253696 bytes)
08-22 23:27:03.554 10791 10846 I ReactNativeJS: File OK: texdb/gta3/gta3.dxt.dat (185311596 bytes)
08-22 23:27:03.556 10791 10846 I ReactNativeJS: File OK: texdb/gta3/gta3.dxt.tmb (525340 bytes)
08-22 23:27:03.557 10791 10846 I ReactNativeJS: File OK: texdb/gta3/gta3.dxt.toc (49784 bytes)
08-22 23:27:03.558 10791 10846 I ReactNativeJS: File OK: texdb/gta3/gta3.txt (792665 bytes)
08-22 23:27:03.559 10791 10846 I ReactNativeJS: File OK: texdb/gta3.img (283521024 bytes)
08-22 23:27:03.560 10791 10846 I ReactNativeJS: File OK: texdb/gta_int/gta_int.dxt.dat (13592262 bytes)
08-22 23:27:03.561 10791 10846 I ReactNativeJS: File OK: texdb/gta_int/gta_int.dxt.tmb (663408 bytes)
08-22 23:27:03.561 10791 10846 I ReactNativeJS: File OK: texdb/gta_int/gta_int.dxt.toc (10132 bytes)
08-22 23:27:03.562 10791 10846 I ReactNativeJS: File OK: texdb/gta_int/gta_int.txt (174099 bytes)
08-22 23:27:03.563 10791 10846 I ReactNativeJS: File OK: texdb/gta_int.img (44836864 bytes)
08-22 23:27:03.564 10791 10846 I ReactNativeJS: File OK: texdb/menu/menu.pvr.dat (6472908 bytes)
08-22 23:27:03.565 10791 10846 I ReactNativeJS: File OK: texdb/menu/menu.pvr.tmb (992 bytes)
08-22 23:27:03.565 10791 10846 I ReactNativeJS: File OK: texdb/menu/menu.pvr.toc (176 bytes)
08-22 23:27:03.566 10791 10846 I ReactNativeJS: File OK: texdb/menu/menu.txt (3147 bytes)
08-22 23:27:03.567 10791 10846 I ReactNativeJS: File OK: texdb/mobile/mobile.dxt.dat (7267946 bytes)
08-22 23:27:03.568 10791 10846 I ReactNativeJS: File OK: texdb/mobile/mobile.dxt.tmb (3940 bytes)
08-22 23:27:03.570 10791 10846 I ReactNativeJS: File OK: texdb/mobile/mobile.dxt.toc (792 bytes)
08-22 23:27:03.573 10791 10846 I ReactNativeJS: File OK: texdb/mobile/mobile.txt (14502 bytes)
08-22 23:27:03.574 10791 10846 I ReactNativeJS: File OK: texdb/player/player.pvr.dat (6569414 bytes)
08-22 23:27:03.575 10791 10846 I ReactNativeJS: File OK: texdb/player/player.pvr.tmb (6940 bytes)
08-22 23:27:03.576 10791 10846 I ReactNativeJS: File OK: texdb/player/player.pvr.toc (1580 bytes)
08-22 23:27:03.576 10791 10846 I ReactNativeJS: File OK: texdb/player/player.txt (27810 bytes)
08-22 23:27:03.577 10791 10846 I ReactNativeJS: File OK: texdb/player.img (16412672 bytes)
08-22 23:27:03.578 10791 10846 I ReactNativeJS: File OK: texdb/samp/samp.dxt.dat (22224500 bytes)
08-22 23:27:03.579 10791 10846 I ReactNativeJS: File OK: texdb/samp/samp.dxt.tmb (19824 bytes)
08-22 23:27:03.580 10791 10846 I ReactNativeJS: File OK: texdb/samp/samp.dxt.toc (6156 bytes)
08-22 23:27:03.580 10791 10846 I ReactNativeJS: File OK: texdb/samp/samp.txt (89236 bytes)
08-22 23:27:03.581 10791 10846 I ReactNativeJS: File OK: texdb/samp.img (35909632 bytes)
08-22 23:27:03.582 10791 10846 I ReactNativeJS: File OK: texdb/txd/txd.dxt.dat (7625578 bytes)
08-22 23:27:03.583 10791 10846 I ReactNativeJS: File OK: texdb/txd/txd.dxt.tmb (31028 bytes)
08-22 23:27:03.584 10791 10846 I ReactNativeJS: File OK: texdb/txd/txd.dxt.toc (2376 bytes)
08-22 23:27:03.586 10791 10846 I ReactNativeJS: File OK: texdb/txd/txd.txt (43193 bytes)
08-22 23:27:03.586 10791 10846 I ReactNativeJS: Total files to update: 0 (0 missing, 0 mismatched)
08-22 23:27:03.586 10791 10846 I ReactNativeJS: Game files are up to date
08-22 23:27:09.046 10791 10847 I GameLauncher: Starting game...
08-22 23:27:09.050 10791 11111 I GameStartup: loadLibraries begin
08-22 23:27:09.243 10791 11111 I Alyn_SAMPMOBILE: Alyn_SAMPMOBILE library loaded! Build time: Aug 16 2026 17:04:22
08-22 23:27:09.243 10791 11111 I GameStartup: loadLibraries end (193ms)
08-22 23:27:09.243 10791 10791 I GameLauncher: Starting game from MainActivity context
08-22 23:27:09.284 10791 10791 I GameStartup: Game.onCreate begin
08-22 23:27:09.285 10791 10791 I Game    : **** onCreate
08-22 23:27:09.285 10791 10791 I GameStartup: deleteBinCaches begin
08-22 23:27:09.285 10791 10791 I Game    : Deleting BIN caches...
08-22 23:27:09.287 10791 10791 I GameStartup: deleteBinCaches end (3ms)
08-22 23:27:09.287 10791 10791 I GameStartup: loadModLibraries begin
08-22 23:27:09.287 10791 10791 I Game    : **** Loading mod libraries
08-22 23:27:09.287 10791 10791 I GameStartup: loadModLibraries end (0ms)
08-22 23:27:09.287 10791 10791 I GameStartup: Game.super.onCreate begin
08-22 23:27:09.305 10791 10791 I GameStartup: Game.super.onCreate end (18ms)
08-22 23:27:09.311 10791 10791 I Game    : Game directory: /storage/emulated/0/Android/data/ro.alynsampmobile.launcher/files/
08-22 23:27:09.311 10791 10791 I GameStartup: nativeInitialize begin
08-22 23:27:09.315 10791 10791 I Alyn_SAMPMOBILE: [2026-08-22 23:27:09.315] [info] Initializing java..
08-22 23:27:09.315 10791 10791 I Alyn_SAMPMOBILE: [2026-08-22 23:27:09.315] [info] Initializing Alyn_SAMPMOBILE client...
08-22 23:27:09.390 10791 11136 I Alyn_SAMPMOBILE: [2026-08-22 23:27:09.390] [info] Crash logs on device: 0 (retained, none deleted) in 0ms
08-22 23:27:09.390 10791 10791 E Alyn_SAMPMOBILE: [2026-08-22 23:27:09.390] [error] ClientSecurity: installation identity refused
08-22 23:27:09.390 10791 10791 I Game    : **** getSetting: nick_name (default: Player)
08-22 23:27:09.391 10791 10791 I Alyn_SAMPMOBILE: [2026-08-22 23:27:09.391] [info] Java VM: 0xB40000757D661A80
08-22 23:27:09.391 10791 10791 I Alyn_SAMPMOBILE: [2026-08-22 23:27:09.391] [info] Client version: v20.6.8 (native: 8a1c7a316f7f)
08-22 23:27:09.391 10791 10791 I Alyn_SAMPMOBILE: [2026-08-22 23:27:09.391] [info] Game version: GTA: SA v2.10 (arm64-v8a)
08-22 23:27:09.391 10791 10791 I Alyn_SAMPMOBILE: [2026-08-22 23:27:09.391] [info] Game directory: /storage/emulated/0/Android/data/ro.alynsampmobile.launcher/files/
08-22 23:27:09.391 10791 10791 I Alyn_SAMPMOBILE: [2026-08-22 23:27:09.391] [info] Offline mode: false
08-22 23:27:09.391 10791 10791 I Alyn_SAMPMOBILE: [2026-08-22 23:27:09.391] [info] Initializing settings...
08-22 23:27:09.391 10791 10791 I Game    : **** getSetting: fps_limit (default: 61)
08-22 23:27:09.391 10791 10791 I Game    : **** getSetting: display_fps (default: false)
08-22 23:27:09.391 10791 10791 I Game    : **** getSetting: voice_chat (default: false)
08-22 23:27:09.391 10791 10791 I Game    : **** getSetting: microphone_toggle (default: false)
08-22 23:27:09.391 10791 10791 I Game    : **** getSetting: auto_reconnect (default: true)
08-22 23:27:09.391 10791 10791 I Game    : **** getSetting: gps_mod (default: false)
08-22 23:27:09.391 10791 10791 I Game    : **** getSetting: radar_touch (default: true)
08-22 23:27:09.392 10791 10791 I Game    : **** getSetting: weapon_tags (default: true)
08-22 23:27:09.392 10791 10791 I Game    : **** getSetting: free_cam (default: false)
08-22 23:27:09.392 10791 10791 I Game    : **** getSetting: sensitivity (default: 10.0)
08-22 23:27:09.392 10791 10791 I Game    : **** getSetting: sensitivity_onfoot (default: 10.0)
08-22 23:27:09.392 10791 10791 I Game    : **** getSetting: sensitivity_in_vehicle (default: 10.0)
08-22 23:27:09.392 10791 10791 I Game    : **** getSetting: sensitivity_aim (default: 10.0)
08-22 23:27:09.393 10791 10791 I Game    : **** getSetting: legacy_static_gcid (default: false)
08-22 23:27:09.393 10791 10791 I Game    : **** getSetting: samp_version (default: 0)
08-22 23:27:09.393 10791 10791 I Alyn_SAMPMOBILE: [2026-08-22 23:27:09.393] [info] FPS limit: 61
08-22 23:27:09.393 10791 10791 I Alyn_SAMPMOBILE: [2026-08-22 23:27:09.393] [info] Display FPS: false
08-22 23:27:09.393 10791 10791 I Alyn_SAMPMOBILE: [2026-08-22 23:27:09.393] [info] Voice chat: false
08-22 23:27:09.393 10791 10791 I Alyn_SAMPMOBILE: [2026-08-22 23:27:09.393] [info] Microphone toggle: false
08-22 23:27:09.393 10791 10791 I Alyn_SAMPMOBILE: [2026-08-22 23:27:09.393] [info] Auto reconnect: true
08-22 23:27:09.393 10791 10791 I Alyn_SAMPMOBILE: [2026-08-22 23:27:09.393] [info] GPS mod: false
08-22 23:27:09.393 10791 10791 I Alyn_SAMPMOBILE: [2026-08-22 23:27:09.393] [info] Radar touch: true
08-22 23:27:09.393 10791 10791 I Alyn_SAMPMOBILE: [2026-08-22 23:27:09.393] [info] Weapon tags: true
08-22 23:27:09.393 10791 10791 I Alyn_SAMPMOBILE: [2026-08-22 23:27:09.393] [info] Free cam: false
08-22 23:27:09.393 10791 10791 I Alyn_SAMPMOBILE: [2026-08-22 23:27:09.393] [info] Sensitivity on foot: 10
08-22 23:27:09.393 10791 10791 I Alyn_SAMPMOBILE: [2026-08-22 23:27:09.393] [info] Sensitivity in vehicle: 10
08-22 23:27:09.393 10791 10791 I Alyn_SAMPMOBILE: [2026-08-22 23:27:09.393] [info] Sensitivity aim: 10
08-22 23:27:09.393 10791 10791 I Alyn_SAMPMOBILE: [2026-08-22 23:27:09.393] [info] Legacy static GCID auth: false
08-22 23:27:09.393 10791 10791 I Alyn_SAMPMOBILE: [2026-08-22 23:27:09.393] [info] SA-MP version: 0.3.7
08-22 23:27:09.393 10791 10791 I Alyn_SAMPMOBILE: [2026-08-22 23:27:09.393] [info] Loading libGTASA.so...
08-22 23:27:09.393 10791 10791 I Alyn_SAMPMOBILE: [2026-08-22 23:27:09.393] [info] Memory::open: dlopen("libGTASA.so") = 0xf42c23ed1d77244d
08-22 23:27:09.394 10791 10791 I Alyn_SAMPMOBILE: [2026-08-22 23:27:09.394] [info] Memory::open: getLibAddrFor("libGTASA.so") = 0x710EC79000
08-22 23:27:09.394 10791 10791 I Alyn_SAMPMOBILE: [2026-08-22 23:27:09.394] [info] libGTASA.so base: 0x710EC79000
08-22 23:27:09.394 10791 10791 I Alyn_SAMPMOBILE: [2026-08-22 23:27:09.394] [info] Crashlytics initialized in 0ms
08-22 23:27:09.394 10791 10791 I Alyn_SAMPMOBILE: [2026-08-22 23:27:09.394] [info] Loading BASS library..
08-22 23:27:09.395 10791 10791 I Alyn_SAMPMOBILE: [2026-08-22 23:27:09.395] [info] Initializing SA...
08-22 23:27:09.395 10791 10791 I Alyn_SAMPMOBILE: [2026-08-22 23:27:09.395] [info] CModelInfo::Initialize
08-22 23:27:09.395 10791 10791 I Alyn_SAMPMOBILE: [2026-08-22 23:27:09.395] [info] CPlaceable::Initialize
08-22 23:27:09.395 10791 10791 I Alyn_SAMPMOBILE: [2026-08-22 23:27:09.395] [info] CWorld::Initialize
08-22 23:27:09.395 10791 10791 I Alyn_SAMPMOBILE: [2026-08-22 23:27:09.395] [info] CPools::Initialize
08-22 23:27:09.395 10791 10791 I Alyn_SAMPMOBILE: [2026-08-22 23:27:09.395] [info] CRealTimeShadowManager::Initialize
08-22 23:27:09.396 10791 10791 I Alyn_SAMPMOBILE: [2026-08-22 23:27:09.396] [info] Applying patches...
08-22 23:27:09.396 10791 10791 I Alyn_SAMPMOBILE: [2026-08-22 23:27:09.396] [info] Memory::saveBytesToMap addr: 0x710efdef10 bytes: 84 d2 fa 97 
08-22 23:27:09.396 10791 10791 I Alyn_SAMPMOBILE: [2026-08-22 23:27:09.396] [info] Memory::saveBytesToMap addr: 0x710f14eb00 bytes: f3 0f 1e f8 
08-22 23:27:09.396 10791 10791 I Alyn_SAMPMOBILE: [2026-08-22 23:27:09.396] [info] Memory::saveBytesToMap addr: 0x710f24dab4 bytes: fd 7b bf a9 
08-22 23:27:09.396 10791 10791 I Alyn_SAMPMOBILE: [2026-08-22 23:27:09.396] [info] Memory::saveBytesToMap addr: 0x710efdc454 bytes: bf 24 fb 97 
08-22 23:27:09.396 10791 10791 I Alyn_SAMPMOBILE: [2026-08-22 23:27:09.396] [info] Memory::saveBytesToMap addr: 0x710efdc4a4 bytes: ab 24 fb 97 
08-22 23:27:09.396 10791 10791 I Alyn_SAMPMOBILE: [2026-08-22 23:27:09.396] [info] Memory::saveBytesToMap addr: 0x710f1d074c bytes: 88 01 00 b9 
08-22 23:27:09.396 10791 10791 I Alyn_SAMPMOBILE: [2026-08-22 23:27:09.396] [info] Memory::saveBytesToMap addr: 0x710f155d6c bytes: 80 02 00 37 
08-22 23:27:09.396 10791 10791 I Alyn_SAMPMOBILE: [2026-08-22 23:27:09.396] [info] Memory::saveBytesToMap addr: 0x710f155e00 bytes: 80 02 00 37 
08-22 23:27:09.398 10791 10791 I Alyn_SAMPMOBILE: [2026-08-22 23:27:09.398] [info] Memory::saveBytesToMap addr: 0x710ef00d24 bytes: 49 2e 00 90 
08-22 23:27:09.398 10791 10791 I Alyn_SAMPMOBILE: [2026-08-22 23:27:09.398] [info] Memory::saveBytesToMap addr: 0x710f16889c bytes: ff c3 01 d1 
08-22 23:27:09.398 10791 10791 I Alyn_SAMPMOBILE: [2026-08-22 23:27:09.398] [info] Memory::saveBytesToMap addr: 0x710f13b0a4 bytes: f7 0f 1c f8 
08-22 23:27:09.398 10791 10791 I Alyn_SAMPMOBILE: [2026-08-22 23:27:09.398] [info] Memory::saveBytesToMap addr: 0x710f1953e0 bytes: ff 03 01 d1 
08-22 23:27:09.398 10791 10791 I Alyn_SAMPMOBILE: [2026-08-22 23:27:09.398] [info] Memory::saveBytesToMap addr: 0x710f195488 bytes: e9 23 bc 6d 
08-22 23:27:09.398 10791 10791 I Alyn_SAMPMOBILE: [2026-08-22 23:27:09.398] [info] Memory::saveBytesToMap addr: 0x710f197ad8 bytes: ff 03 01 d1 
08-22 23:27:09.399 10791 10791 I Alyn_SAMPMOBILE: [2026-08-22 23:27:09.399] [info] Memory::saveBytesToMap addr: 0x710f03d638 bytes: ff 43 05 d1 
08-22 23:27:09.399 10791 10791 I Alyn_SAMPMOBILE: [2026-08-22 23:27:09.399] [info] Memory::saveBytesToMap addr: 0x710f03d728 bytes: ff 83 05 d1 
08-22 23:27:09.399 10791 10791 I Alyn_SAMPMOBILE: [2026-08-22 23:27:09.399] [info] Memory::saveBytesToMap addr: 0x710f03c4ac bytes: ff 03 02 d1 
08-22 23:27:09.399 10791 10791 I Alyn_SAMPMOBILE: [2026-08-22 23:27:09.399] [info] Memory::saveBytesToMap addr: 0x710f03c45c bytes: f3 0f 1e f8 
08-22 23:27:09.399 10791 10791 I Alyn_SAMPMOBILE: [2026-08-22 23:27:09.399] [info] Memory::saveBytesToMap addr: 0x710f247b40 bytes: ff c3 01 d1 
08-22 23:27:09.399 10791 10791 I Alyn_SAMPMOBILE: [2026-08-22 23:27:09.399] [info] Memory::saveBytesToMap addr: 0x710f249d4c bytes: ff 03 02 d1 
08-22 23:27:09.399 10791 10791 I Alyn_SAMPMOBILE: [2026-08-22 23:27:09.399] [info] Memory::saveBytesToMap addr: 0x710f23c970 bytes: 68 32 06 b9 
08-22 23:27:09.399 10791 10791 I Alyn_SAMPMOBILE: [2026-08-22 23:27:09.399] [info] Memory::saveBytesToMap addr: 0x710f294044 bytes: ff 03 02 d1 
08-22 23:27:09.400 10791 10791 I Alyn_SAMPMOBILE: [2026-08-22 23:27:09.399] [info] Memory::saveBytesToMap addr: 0x710f2ed610 bytes: 40 a3 ee 97 
08-22 23:27:09.400 10791 10791 I Alyn_SAMPMOBILE: [2026-08-22 23:27:09.400] [info] Memory::saveBytesToMap addr: 0x710f2fbc1c bytes: bd 69 ee 97 
08-22 23:27:09.400 10791 10791 I Alyn_SAMPMOBILE: [2026-08-22 23:27:09.400] [info] Memory::saveBytesToMap addr: 0x710f306d0c bytes: 81 3d ee 97 
08-22 23:27:09.400 10791 10791 I Alyn_SAMPMOBILE: [2026-08-22 23:27:09.400] [info] Memory::saveBytesToMap addr: 0x710f319a68 bytes: 2a f2 ed 97 
08-22 23:27:09.400 10791 10791 I Alyn_SAMPMOBILE: [2026-08-22 23:27:09.400] [info] Memory::saveBytesToMap addr: 0x710f3833d0 bytes: 40 80 ec 97 
08-22 23:27:09.400 10791 10791 I Alyn_SAMPMOBILE: [2026-08-22 23:27:09.400] [info] Memory::saveBytesToMap addr: 0x710f2fe9bc bytes: a8 00 00 54 
08-22 23:27:09.400 10791 10791 I Alyn_SAMPMOBILE: [2026-08-22 23:27:09.400] [info] Memory::saveBytesToMap addr: 0x710f1697dc bytes: 59 da f4 97 
08-22 23:27:09.400 10791 10791 I Alyn_SAMPMOBILE: [2026-08-22 23:27:09.400] [info] Memory::saveBytesToMap addr: 0x710f0eb904 bytes: ff 43 03 d1 
08-22 23:27:09.400 10791 10791 I Alyn_SAMPMOBILE: [2026-08-22 23:27:09.400] [info] Memory::saveBytesToMap addr: 0x710f3158f4 bytes: ff c3 02 d1 
08-22 23:27:09.400 10791 10791 I Alyn_SAMPMOBILE: [2026-08-22 23:27:09.400] [info] Memory::saveBytesToMap addr: 0x710f1cfe14 bytes: ff 83 00 d1 
08-22 23:27:09.400 10791 10791 I Alyn_SAMPMOBILE: [2026-08-22 23:27:09.400] [info] Memory::saveBytesToMap addr: 0x710f04558c bytes: f5 0f 1d f8 
08-22 23:27:09.400 10791 10791 I Alyn_SAMPMOBILE: [2026-08-22 23:27:09.400] [info] Memory::saveBytesToMap addr: 0x710f169c94 bytes: 08 00 40 f9 
08-22 23:27:09.401 10791 10791 I Alyn_SAMPMOBILE: [2026-08-22 23:27:09.401] [info] Memory::saveBytesToMap addr: 0x710f19e22c bytes: c5 20 f4 97 
08-22 23:27:09.401 10791 10791 I Alyn_SAMPMOBILE: [2026-08-22 23:27:09.401] [info] Memory::saveBytesToMap addr: 0x710f19ee14 bytes: cb 1d f4 97 
08-22 23:27:09.401 10791 10791 I Alyn_SAMPMOBILE: [2026-08-22 23:27:09.401] [info] Memory::saveBytesToMap addr: 0x710f17ebf8 bytes: e9 23 bb 6d 
08-22 23:27:09.401 10791 10791 I Alyn_SAMPMOBILE: [2026-08-22 23:27:09.401] [info] Memory::saveBytesToMap addr: 0x710f38361c bytes: f5 0f 1d f8 
08-22 23:27:09.401 10791 10791 I Alyn_SAMPMOBILE: [2026-08-22 23:27:09.401] [info] Memory::saveBytesToMap addr: 0x710f24d338 bytes: ff 03 01 d1 
08-22 23:27:09.401 10791 10791 I Alyn_SAMPMOBILE: [2026-08-22 23:27:09.401] [info] Memory::saveBytesToMap addr: 0x710f24d2d8 bytes: f5 0f 1d f8 
08-22 23:27:09.401 10791 10791 I Alyn_SAMPMOBILE: [2026-08-22 23:27:09.401] [info] Memory::saveBytesToMap addr: 0x710f214ad0 bytes: 58 0b f2 97 08 3c 46 39 28 06 00 34 
08-22 23:27:09.401 10791 10791 I Alyn_SAMPMOBILE: [2026-08-22 23:27:09.401] [info] Memory::saveBytesToMap addr: 0x710f2cda8c bytes: e8 0f 1b fc 
08-22 23:27:09.401 10791 10791 I Alyn_SAMPMOBILE: [2026-08-22 23:27:09.401] [info] Memory::saveBytesToMap addr: 0x710f024b3c bytes: f3 0f 1e f8 
08-22 23:27:09.401 10791 10791 I Alyn_SAMPMOBILE: [2026-08-22 23:27:09.401] [info] Memory::saveBytesToMap addr: 0x710f309560 bytes: f4 4f be a9 
08-22 23:27:09.401 10791 10791 I Alyn_SAMPMOBILE: [2026-08-22 23:27:09.401] [info] Memory::saveBytesToMap addr: 0x710f0f4340 bytes: f5 0f 1d f8 
08-22 23:27:09.401 10791 10791 I Alyn_SAMPMOBILE: [2026-08-22 23:27:09.401] [info] Memory::saveBytesToMap addr: 0x710efb0a2c bytes: 00 01 00 f9 
08-22 23:27:09.401 10791 10791 I Alyn_SAMPMOBILE: [2026-08-22 23:27:09.401] [info] Installing hooks...
08-22 23:27:09.401 10791 10791 I Alyn_SAMPMOBILE: [2026-08-22 23:27:09.401] [info] Initializing XclipseFix fix...
08-22 23:27:09.401 10791 10791 I Alyn_SAMPMOBILE: [2026-08-22 23:27:09.401] [info] XclipseFix RQ_Command_rqInit hook installed
08-22 23:27:09.405 10791 10791 I Alyn_SAMPMOBILE: [2026-08-22 23:27:09.405] [info] SetMoveAnim: reimplementation installed
08-22 23:27:09.405 10791 10791 I Alyn_SAMPMOBILE: [2026-08-22 23:27:09.405] [info] SafeCTaskSimpleUseGunCtor: redirect installed (BUGS/3 A75 errata mitigation)
08-22 23:27:09.406 10791 10791 I Alyn_SAMPMOBILE: [2026-08-22 23:27:09.406] [info] Installing pickup hooks...
08-22 23:27:09.407 10791 10791 I Alyn_SAMPMOBILE: [2026-08-22 23:27:09.407] [info] Installing remove building hooks...
08-22 23:27:09.407 10791 10791 I Alyn_SAMPMOBILE: [2026-08-22 23:27:09.407] [info] MapLimits: installing out-of-bounds world support
08-22 23:27:09.407 10791 10791 I Alyn_SAMPMOBILE: [2026-08-22 23:27:09.407] [info] MapLimits: CIplStore bounds -> +/-10000 @ 0x739070
08-22 23:27:09.407 10791 10791 I Alyn_SAMPMOBILE: [2026-08-22 23:27:09.407] [info] MapLimits: installing SA-MP style object drawing
08-22 23:27:09.407 10791 10791 I Alyn_SAMPMOBILE: [2026-08-22 23:27:09.407] [info] Installing pad hooks...
08-22 23:27:09.408 10791 10791 I Alyn_SAMPMOBILE: [2026-08-22 23:27:09.408] [info] Installing widget fix hooks...
08-22 23:27:09.408 10791 10791 I Alyn_SAMPMOBILE: [2026-08-22 23:27:09.408] [info] Installing crosshair fix hooks...
08-22 23:27:09.408 10791 10791 I Alyn_SAMPMOBILE: [2026-08-22 23:27:09.408] [info] Initializing multi touch..
08-22 23:27:09.408 10791 10791 I Alyn_SAMPMOBILE: [2026-08-22 23:27:09.408] [info] NVEventQueue @ 710f52f108 insertIdx=0 headIdx=0 processingPause=0 finishing=0
08-22 23:27:09.408 10791 10791 I Alyn_SAMPMOBILE: [2026-08-22 23:27:09.408] [info] NVEvent: ring buffer bypass active (consumer-side, no producer patches)
08-22 23:27:09.408 10791 10791 I Alyn_SAMPMOBILE: [2026-08-22 23:27:09.408] [info] NVEvent: NVEventInsertNewest hooked (killed flag bypass)
08-22 23:27:09.408 10791 10791 I Alyn_SAMPMOBILE: [2026-08-22 23:27:09.408] [info] Game::Game
08-22 23:27:09.408 10791 10791 I Alyn_SAMPMOBILE: [2026-08-22 23:27:09.408] [info] Client::initialize finished in 93ms
08-22 23:27:09.408 10791 10791 I GameStartup: nativeInitialize end (97ms)
08-22 23:27:09.414 10791 10791 I GameStartup: Game.onCreate end (129ms)
08-22 23:27:09.414 10791 10791 I Game    : **** onStart
08-22 23:27:09.415 10791 10791 I Game    : **** onResume
08-22 23:27:10.333 10791 11132 I Alyn_SAMPMOBILE: [2026-08-22 23:27:10.333] [info] CTimer_EndUserPause
08-22 23:27:10.333 10791 11132 I Game    : **** setPauseState: false
08-22 23:27:10.353 10791 11132 E Alyn_SAMPMOBILE: [2026-08-22 23:27:10.353] [error] OS_FileOpen failed (1): gta_sa.set
08-22 23:27:10.353 10791 11132 E Alyn_SAMPMOBILE: [2026-08-22 23:27:10.353] [error] OS_FileOpen failed (1): gtasatelem.set
08-22 23:27:10.354 10791 11132 I Alyn_SAMPMOBILE: [2026-08-22 23:27:10.354] [info] RenderQueue_Initialize
08-22 23:27:10.357 10791 11148 I Alyn_SAMPMOBILE: [2026-08-22 23:27:10.357] [info] XclipseFix probe #1: manufacturer=samsung brand=samsung model=SM-A715F product=a71nsxx device=a71 board=sm6150 hardware=qcom socManufacturer=QTI socModel=SM7150 sdk=33
08-22 23:27:10.357 10791 11148 I Alyn_SAMPMOBILE: [2026-08-22 23:27:10.357] [info] XclipseFix GL #1: vendor=Qualcomm renderer=Adreno (TM) 618 version=OpenGL ES 3.2 V@0502.0 (GIT@e1ac91e, I2b3b5fbd00, 1605636002) (Date:11/17/20) eglDisplay=0xB40000757D6DBA00 eglContext=0xB40000749CE50C80 eglSurface=0xB40000749CE7E000 extS3TC=false extDXT1=false extATC=true extPVRTC=false
08-22 23:27:10.357 10791 11148 I Alyn_SAMPMOBILE: [2026-08-22 23:27:10.357] [info] XclipseFix decision #1: rendererMatched=false samsungAmdMatched=false modelMatched=false reason=no-match shouldApply=false
08-22 23:27:10.357 10791 11148 I Alyn_SAMPMOBILE: [2026-08-22 23:27:10.357] [info] XclipseFix workaround skipped #1
08-22 23:27:10.358 10791 11132 I Alyn_SAMPMOBILE: [2026-08-22 23:27:10.358] [info] Initialise3D...
08-22 23:27:10.361 10791 11132 I Alyn_SAMPMOBILE: [2026-08-22 23:27:10.361] [info] MatFX material free-list blocks pinned for streaming safety
08-22 23:27:10.361 10791 11132 I Alyn_SAMPMOBILE: [2026-08-22 23:27:10.361] [info] Initializing samp texture database...
08-22 23:27:10.437 10791 11132 E Alyn_SAMPMOBILE: [2026-08-22 23:27:10.437] [error] OS_FileOpen failed (1): texdb/cutscene/cutscene.txt
08-22 23:27:10.470 10791 11132 I Game    : **** getSetting: chat_font_size (default: 15.0)
08-22 23:27:10.470 10791 11132 I Game    : **** getSetting: chat_strings (default: 5)
08-22 23:27:10.470 10791 11132 I Game    : **** getSetting: chat_pos_x (default: 100)
08-22 23:27:10.470 10791 11132 I Game    : **** getSetting: chat_pos_y (default: 10)
08-22 23:27:10.470 10791 11132 I Game    : **** getSetting: chat_width (default: 400)
08-22 23:27:10.470 10791 11132 I Game    : **** getSetting: chat_height (default: 150)
08-22 23:27:10.470 10791 11132 I Alyn_SAMPMOBILE: [2026-08-22 23:27:10.470] [info] ImGuiWrapper::initialize
08-22 23:27:10.471 10791 11132 I Alyn_SAMPMOBILE: [2026-08-22 23:27:10.471] [info] ImGuiWrapper display=1732x810 fontsPath=/storage/emulated/0/Android/data/ro.alynsampmobile.launcher/files/fonts/
08-22 23:27:10.476 10791 11132 I Alyn_SAMPMOBILE: [2026-08-22 23:27:10.476] [info] ImGui IO configured: display=1732x810 framebufferScale=(1.0,1.0) backendFlags=0x8 rendererName=alyn_renderware
08-22 23:27:10.476 10791 11132 I Alyn_SAMPMOBILE: [2026-08-22 23:27:10.476] [info] Body font selection begin: uiFontSize=43.9px bodyFontSize=21.9px outline=1.00 scale=(2.706,1.688)
08-22 23:27:10.476 10791 11132 I Alyn_SAMPMOBILE: [2026-08-22 23:27:10.476] [info] Font load attempt: path=/storage/emulated/0/Android/data/ro.alynsampmobile.launcher/files/fonts/arial_bold.ttf size=21.9px rasterDensity=1.00 file=352224 bytes rangeCodepoints=3488 outlineAdvance=1.00 fontsBefore=0 sourcesBefore=0
08-22 23:27:10.486 10791 11132 I Alyn_SAMPMOBILE: [2026-08-22 23:27:10.486] [info] Font load OK: path=/storage/emulated/0/Android/data/ro.alynsampmobile.launcher/files/fonts/arial_bold.ttf font=0xB4000074AD426020 legacy=21.9px fontsAfter=1 sourcesAfter=1 debugName=arial_bold.ttf
08-22 23:27:10.486 10791 11132 I Alyn_SAMPMOBILE: [2026-08-22 23:27:10.486] [info] Body font selected: font=0xB4000074AD426020 debug=arial_bold.ttf legacy=21.9px
08-22 23:27:10.486 10791 11132 I Alyn_SAMPMOBILE: [2026-08-22 23:27:10.486] [info] Font load attempt: path=/storage/emulated/0/Android/data/ro.alynsampmobile.launcher/files/fonts/gtaweap3.ttf size=21.9px rasterDensity=1.00 file=104004 bytes rangeCodepoints=3488 outlineAdvance=1.00 fontsBefore=1 sourcesBefore=1
08-22 23:27:10.487 10791 11132 I Alyn_SAMPMOBILE: [2026-08-22 23:27:10.487] [info] Font load OK: path=/storage/emulated/0/Android/data/ro.alynsampmobile.launcher/files/fonts/gtaweap3.ttf font=0xB4000074AD426090 legacy=21.9px fontsAfter=2 sourcesAfter=2 debugName=gtaweap3.ttf
08-22 23:27:10.487 10791 11132 I Alyn_SAMPMOBILE: [2026-08-22 23:27:10.487] [info] Weapon font selected: font=0xB4000074AD426090 fallbackToBody=0 debug=gtaweap3.ttf
08-22 23:27:10.487 10791 11132 I Alyn_SAMPMOBILE: [2026-08-22 23:27:10.487] [info] Font load attempt: path=/storage/emulated/0/Android/data/ro.alynsampmobile.launcher/files/fonts/sampaux3.ttf size=21.9px rasterDensity=1.00 file=7376 bytes rangeCodepoints=3488 outlineAdvance=1.00 fontsBefore=2 sourcesBefore=2
08-22 23:27:10.488 10791 11132 I Alyn_SAMPMOBILE: [2026-08-22 23:27:10.488] [info] Font load OK: path=/storage/emulated/0/Android/data/ro.alynsampmobile.launcher/files/fonts/sampaux3.ttf font=0xB4000074AD426100 legacy=21.9px fontsAfter=3 sourcesAfter=3 debugName=sampaux3.ttf
08-22 23:27:10.488 10791 11132 I Alyn_SAMPMOBILE: [2026-08-22 23:27:10.488] [info] SA-MP auxiliary font selected: font=0xB4000074AD426100 fallbackToBody=0 debug=sampaux3.ttf
08-22 23:27:10.488 10791 11132 I Alyn_SAMPMOBILE: [2026-08-22 23:27:10.488] [info] ImGui FontDefault set: font=0xB4000074AD426020
08-22 23:27:10.488 10791 11132 I Alyn_SAMPMOBILE: [2026-08-22 23:27:10.488] [info] ImGuiWrapper::buildAtlasDeferred begin: bodySize=21.9px body=0xB4000074AD426020 weapon=0xB4000074AD426090 samp=0xB4000074AD426100 fontDefault=0xB4000074AD426020
08-22 23:27:10.488 10791 11132 I Alyn_SAMPMOBILE: [2026-08-22 23:27:10.488] [info] Font atlas diag [build-begin]: fonts=3 sources=3 texList=1 built=0 locked=0 rendererHasTextures=0 flags=0x0 min=512x128 max=8192x8192 desiredFormat=0 texId=0x0 texUnique=1 status=2(WantCreate) fmt=0 512x128 bpp=4 pixels=0xB40000713B7E3BC0 bytes=262144 updates=0 used=(0,0 0x0) update=(65535,65535 0x0) useColors=0 uvScale=(0.001953,0.007812) white=(0.069336,0.003906)
08-22 23:27:10.488 10791 11132 I Alyn_SAMPMOBILE: [2026-08-22 23:27:10.488] [info] Font diag [build-begin:body]: font=0xB4000074AD426020 debug=arial_bold.ttf legacy=21.9px flags=0x0 sources=1 fallback=U+3F requested=21.9px baked=not-inspected
08-22 23:27:10.488 10791 11132 I Alyn_SAMPMOBILE: [2026-08-22 23:27:10.488] [info] Font diag [build-begin:weapon]: font=0xB4000074AD426090 debug=gtaweap3.ttf legacy=21.9px flags=0x0 sources=1 fallback=U+3F requested=21.9px baked=not-inspected
08-22 23:27:10.488 10791 11132 I Alyn_SAMPMOBILE: [2026-08-22 23:27:10.488] [info] Font diag [build-begin:sampaux]: font=0xB4000074AD426100 debug=sampaux3.ttf legacy=21.9px flags=0x0 sources=1 fallback=U+20 requested=21.9px baked=not-inspected
08-22 23:27:10.488 10791 11132 W Alyn_SAMPMOBILE: [2026-08-22 23:27:10.488] [warning] GL_MAX_TEXTURE_SIZE=0 — likely no current GL context at atlas-build time; falling back to tight atlas (limited CJK, trimmed emoji)
08-22 23:27:10.489 10791 11132 I Alyn_SAMPMOBILE: [2026-08-22 23:27:10.489] [info] RenderWare font atlas cap forced to 2048x2048 for local raster creation
08-22 23:27:10.489 10791 11132 I Alyn_SAMPMOBILE: [2026-08-22 23:27:10.489] [info] Script font merge begin: body=0xB4000074AD426020 size=21.9px tight=1 fontsBefore=3 sourcesBefore=3
08-22 23:27:10.489 10791 11132 I Alyn_SAMPMOBILE: [2026-08-22 23:27:10.489] [info] Latin/Cyrillic fallback candidate missing: /system/fonts/NotoSans-Regular.ttf errno=2
08-22 23:27:10.489 10791 11132 I Alyn_SAMPMOBILE: [2026-08-22 23:27:10.489] [info] Latin/Cyrillic fallback merge attempt: path=/system/fonts/Roboto-Regular.ttf size=21.9px rasterDensity=1.00 file=2370200 bytes glyphRangeCodepoints=1120 fontsBefore=3 sourcesBefore=3
08-22 23:27:10.502 10791 11132 I Alyn_SAMPMOBILE: [2026-08-22 23:27:10.502] [info] Merged Latin/Cyrillic fallback font: /system/fonts/Roboto-Regular.ttf target=0xB4000074AD426020 returned=0xB4000074AD426020 sourcesAfter=4
08-22 23:27:10.502 10791 11132 I Alyn_SAMPMOBILE: [2026-08-22 23:27:10.502] [info] Latin/Cyrillic fallback merge summary: merged=1 missingCandidates=1
08-22 23:27:10.502 10791 11132 I Alyn_SAMPMOBILE: [2026-08-22 23:27:10.502] [info] Script merge attempt: Thai path=/system/fonts/NotoSansThai-Regular.ttf size=21.9px scale=1.00 rasterDensity=1.00 file=21380 bytes glyphRangeCodepoints=128 heavy=0 fontsBefore=3 sourcesBefore=4
08-22 23:27:10.503 10791 11132 I Alyn_SAMPMOBILE: [2026-08-22 23:27:10.503] [info] Merged script font: Thai (/system/fonts/NotoSansThai-Regular.ttf) at 21.9px
08-22 23:27:10.503 10791 11132 I Alyn_SAMPMOBILE: [2026-08-22 23:27:10.503] [info] Script merge attempt: Lao path=/system/fonts/NotoSansLao-Regular.ttf size=21.9px scale=1.00 rasterDensity=1.00 file=18956 bytes glyphRangeCodepoints=128 heavy=0 fontsBefore=3 sourcesBefore=5
08-22 23:27:10.504 10791 11132 I Alyn_SAMPMOBILE: [2026-08-22 23:27:10.504] [info] Merged script font: Lao (/system/fonts/NotoSansLao-Regular.ttf) at 21.9px
08-22 23:27:10.504 10791 11132 I Alyn_SAMPMOBILE: [2026-08-22 23:27:10.504] [info] Script merge attempt: Lao UI path=/system/fonts/NotoSansLaoUI-Regular.ttf size=21.9px scale=1.00 rasterDensity=1.00 file=19400 bytes glyphRangeCodepoints=128 heavy=0 fontsBefore=3 sourcesBefore=6
08-22 23:27:10.505 10791 11132 I Alyn_SAMPMOBILE: [2026-08-22 23:27:10.505] [info] Merged script font: Lao UI (/system/fonts/NotoSansLaoUI-Regular.ttf) at 21.9px
08-22 23:27:10.505 10791 11132 I Alyn_SAMPMOBILE: [2026-08-22 23:27:10.505] [info] Script merge attempt: Hebrew path=/system/fonts/NotoSansHebrew-Regular.ttf size=21.9px scale=1.00 rasterDensity=1.00 file=17352 bytes glyphRangeCodepoints=163 heavy=0 fontsBefore=3 sourcesBefore=7
08-22 23:27:10.505 10791 11132 I Alyn_SAMPMOBILE: [2026-08-22 23:27:10.505] [info] Merged script font: Hebrew (/system/fonts/NotoSansHebrew-Regular.ttf) at 21.9px
08-22 23:27:10.505 10791 11132 I Alyn_SAMPMOBILE: [2026-08-22 23:27:10.505] [info] Script merge attempt: Arabic UI path=/system/fonts/NotoNaskhArabicUI-Regular.ttf size=21.9px scale=1.00 rasterDensity=1.00 file=120800 bytes glyphRangeCodepoints=1136 heavy=0 fontsBefore=3 sourcesBefore=8
08-22 23:27:10.505 10791 11132 I Alyn_SAMPMOBILE: [2026-08-22 23:27:10.505] [info] Merged script font: Arabic UI (/system/fonts/NotoNaskhArabicUI-Regular.ttf) at 21.9px
08-22 23:27:10.505 10791 11132 I Alyn_SAMPMOBILE: [2026-08-22 23:27:10.505] [info] Script merge attempt: Arabic path=/system/fonts/NotoNaskhArabic-Regular.ttf size=21.9px scale=1.00 rasterDensity=1.00 file=116716 bytes glyphRangeCodepoints=1136 heavy=0 fontsBefore=3 sourcesBefore=9
08-22 23:27:10.505 10791 11132 I Alyn_SAMPMOBILE: [2026-08-22 23:27:10.505] [info] Merged script font: Arabic (/system/fonts/NotoNaskhArabic-Regular.ttf) at 21.9px
08-22 23:27:10.506 10791 11132 I Alyn_SAMPMOBILE: [2026-08-22 23:27:10.506] [info] Script font candidate missing: Arabic (sans) (/system/fonts/NotoSansArabic-Regular.ttf) errno=2
08-22 23:27:10.506 10791 11132 I Alyn_SAMPMOBILE: [2026-08-22 23:27:10.506] [info] Script merge attempt: Devanagari UI path=/system/fonts/NotoSansDevanagariUI-VF.ttf size=21.9px scale=1.00 rasterDensity=1.00 file=247460 bytes glyphRangeCodepoints=128 heavy=0 fontsBefore=3 sourcesBefore=10
08-22 23:27:10.509 10791 11132 I Alyn_SAMPMOBILE: [2026-08-22 23:27:10.509] [info] Merged script font: Devanagari UI (/system/fonts/NotoSansDevanagariUI-VF.ttf) at 21.9px
08-22 23:27:10.509 10791 11132 I Alyn_SAMPMOBILE: [2026-08-22 23:27:10.509] [info] Script font candidate missing: Devanagari (/system/fonts/NotoSansDevanagari-Regular.ttf) errno=2
08-22 23:27:10.509 10791 11132 I Alyn_SAMPMOBILE: [2026-08-22 23:27:10.509] [info] Script merge attempt: Bengali UI path=/system/fonts/NotoSansBengaliUI-VF.ttf size=21.9px scale=1.00 rasterDensity=1.00 file=246772 bytes glyphRangeCodepoints=128 heavy=0 fontsBefore=3 sourcesBefore=11
08-22 23:27:10.512 10791 11132 I Alyn_SAMPMOBILE: [2026-08-22 23:27:10.512] [info] Merged script font: Bengali UI (/system/fonts/NotoSansBengaliUI-VF.ttf) at 21.9px
08-22 23:27:10.512 10791 11132 I Alyn_SAMPMOBILE: [2026-08-22 23:27:10.512] [info] Script font candidate missing: Bengali (/system/fonts/NotoSansBengali-Regular.ttf) errno=2
08-22 23:27:10.513 10791 11132 I Alyn_SAMPMOBILE: [2026-08-22 23:27:10.513] [info] Script merge attempt: Tamil UI path=/system/fonts/NotoSansTamilUI-VF.ttf size=21.9px scale=1.00 rasterDensity=1.00 file=82396 bytes glyphRangeCodepoints=128 heavy=0 fontsBefore=3 sourcesBefore=12
08-22 23:27:10.514 10791 11132 I Alyn_SAMPMOBILE: [2026-08-22 23:27:10.514] [info] Merged script font: Tamil UI (/system/fonts/NotoSansTamilUI-VF.ttf) at 21.9px
08-22 23:27:10.514 10791 11132 I Alyn_SAMPMOBILE: [2026-08-22 23:27:10.514] [info] Script font candidate missing: Tamil (/system/fonts/NotoSansTamil-Regular.ttf) errno=2
08-22 23:27:10.514 10791 11132 I Alyn_SAMPMOBILE: [2026-08-22 23:27:10.514] [info] Script merge attempt: Telugu UI path=/system/fonts/NotoSansTeluguUI-VF.ttf size=21.9px scale=1.00 rasterDensity=1.00 file=281968 bytes glyphRangeCodepoints=128 heavy=0 fontsBefore=3 sourcesBefore=13
08-22 23:27:10.518 10791 11132 I Alyn_SAMPMOBILE: [2026-08-22 23:27:10.518] [info] Merged script font: Telugu UI (/system/fonts/NotoSansTeluguUI-VF.ttf) at 21.9px
08-22 23:27:10.518 10791 11132 I Alyn_SAMPMOBILE: [2026-08-22 23:27:10.518] [info] Script font candidate missing: Telugu (/system/fonts/NotoSansTelugu-Regular.ttf) errno=2
08-22 23:27:10.518 10791 11132 I Alyn_SAMPMOBILE: [2026-08-22 23:27:10.518] [info] Script merge attempt: Sinhala UI path=/system/fonts/NotoSansSinhalaUI-VF.ttf size=21.9px scale=1.00 rasterDensity=1.00 file=358268 bytes glyphRangeCodepoints=128 heavy=0 fontsBefore=3 sourcesBefore=14
08-22 23:27:10.519 10791 11132 I Alyn_SAMPMOBILE: [2026-08-22 23:27:10.519] [info] Merged script font: Sinhala UI (/system/fonts/NotoSansSinhalaUI-VF.ttf) at 21.9px
08-22 23:27:10.520 10791 11132 I Alyn_SAMPMOBILE: [2026-08-22 23:27:10.520] [info] Script font candidate missing: Sinhala (/system/fonts/NotoSansSinhala-Regular.ttf) errno=2
08-22 23:27:10.520 10791 11132 I Alyn_SAMPMOBILE: [2026-08-22 23:27:10.520] [info] Script merge attempt: Khmer UI path=/system/fonts/NotoSansKhmerUI-Regular.ttf size=21.9px scale=1.00 rasterDensity=1.00 file=37932 bytes glyphRangeCodepoints=160 heavy=0 fontsBefore=3 sourcesBefore=15
08-22 23:27:10.521 10791 11132 I Alyn_SAMPMOBILE: [2026-08-22 23:27:10.521] [info] Merged script font: Khmer UI (/system/fonts/NotoSansKhmerUI-Regular.ttf) at 21.9px
08-22 23:27:10.521 10791 11132 I Alyn_SAMPMOBILE: [2026-08-22 23:27:10.521] [info] Script font candidate missing: Khmer (/system/fonts/NotoSansKhmer-Regular.ttf) errno=2
08-22 23:27:10.521 10791 11132 I Alyn_SAMPMOBILE: [2026-08-22 23:27:10.521] [info] Script merge attempt: Myanmar OTF path=/system/fonts/NotoSansMyanmar-Regular.otf size=21.9px scale=1.00 rasterDensity=1.00 file=110380 bytes glyphRangeCodepoints=224 heavy=0 fontsBefore=3 sourcesBefore=16
08-22 23:27:10.521 10791 11132 I Alyn_SAMPMOBILE: [2026-08-22 23:27:10.521] [info] Merged script font: Myanmar OTF (/system/fonts/NotoSansMyanmar-Regular.otf) at 21.9px
08-22 23:27:10.521 10791 11132 I Alyn_SAMPMOBILE: [2026-08-22 23:27:10.521] [info] Script font candidate missing: Myanmar (/system/fonts/NotoSansMyanmar-Regular.ttf) errno=2
08-22 23:27:10.521 10791 11132 I Alyn_SAMPMOBILE: [2026-08-22 23:27:10.521] [info] Script merge attempt: Javanese path=/system/fonts/NotoSansJavanese-Regular.otf size=21.9px scale=1.00 rasterDensity=1.00 file=86944 bytes glyphRangeCodepoints=96 heavy=0 fontsBefore=3 sourcesBefore=17
08-22 23:27:10.522 10791 11132 I Alyn_SAMPMOBILE: [2026-08-22 23:27:10.522] [info] Merged script font: Javanese (/system/fonts/NotoSansJavanese-Regular.otf) at 21.9px
08-22 23:27:10.522 10791 11132 I Alyn_SAMPMOBILE: [2026-08-22 23:27:10.522] [info] Script merge attempt: Sundanese path=/system/fonts/NotoSansSundanese-Regular.ttf size=21.9px scale=1.00 rasterDensity=1.00 file=10356 bytes glyphRangeCodepoints=64 heavy=0 fontsBefore=3 sourcesBefore=18
08-22 23:27:10.522 10791 11132 I Alyn_SAMPMOBILE: [2026-08-22 23:27:10.522] [info] Merged script font: Sundanese (/system/fonts/NotoSansSundanese-Regular.ttf) at 21.9px
08-22 23:27:10.522 10791 11132 I Alyn_SAMPMOBILE: [2026-08-22 23:27:10.522] [info] Script merge attempt: Georgian VF path=/system/fonts/NotoSansGeorgian-VF.ttf size=21.9px scale=1.00 rasterDensity=1.00 file=63180 bytes glyphRangeCodepoints=144 heavy=0 fontsBefore=3 sourcesBefore=19
08-22 23:27:10.522 10791 11132 I Alyn_SAMPMOBILE: [2026-08-22 23:27:10.522] [info] Merged script font: Georgian VF (/system/fonts/NotoSansGeorgian-VF.ttf) at 21.9px
08-22 23:27:10.522 10791 11132 I Alyn_SAMPMOBILE: [2026-08-22 23:27:10.522] [info] Script font candidate missing: Georgian (/system/fonts/NotoSansGeorgian-Regular.ttf) errno=2
08-22 23:27:10.522 10791 11132 I Alyn_SAMPMOBILE: [2026-08-22 23:27:10.522] [info] Script merge attempt: Armenian VF path=/system/fonts/NotoSansArmenian-VF.ttf size=21.9px scale=1.00 rasterDensity=1.00 file=33844 bytes glyphRangeCodepoints=101 heavy=0 fontsBefore=3 sourcesBefore=20
08-22 23:27:10.522 10791 11132 I Alyn_SAMPMOBILE: [2026-08-22 23:27:10.522] [info] Merged script font: Armenian VF (/system/fonts/NotoSansArmenian-VF.ttf) at 21.9px
08-22 23:27:10.522 10791 11132 I Alyn_SAMPMOBILE: [2026-08-22 23:27:10.522] [info] Script font candidate missing: Armenian (/system/fonts/NotoSansArmenian-Regular.ttf) errno=2
08-22 23:27:10.522 10791 11132 I Alyn_SAMPMOBILE: [2026-08-22 23:27:10.522] [info] Script merge attempt: Ethiopic VF path=/system/fonts/NotoSansEthiopic-VF.ttf size=21.9px scale=1.00 rasterDensity=1.00 file=448888 bytes glyphRangeCodepoints=384 heavy=0 fontsBefore=3 sourcesBefore=21
08-22 23:27:10.525 10791 11132 I Alyn_SAMPMOBILE: [2026-08-22 23:27:10.525] [info] Merged script font: Ethiopic VF (/system/fonts/NotoSansEthiopic-VF.ttf) at 21.9px
08-22 23:27:10.525 10791 11132 I Alyn_SAMPMOBILE: [2026-08-22 23:27:10.525] [info] Script font candidate missing: Ethiopic (/system/fonts/NotoSansEthiopic-Regular.ttf) errno=2
08-22 23:27:10.526 10791 11132 I Alyn_SAMPMOBILE: [2026-08-22 23:27:10.526] [info] Script merge attempt: CJK probe path=/system/fonts/NotoSansCJK-Regular.ttc size=21.9px scale=1.00 rasterDensity=1.00 file=19474972 bytes glyphRangeCodepoints=301 heavy=0 fontsBefore=3 sourcesBefore=22
08-22 23:27:10.654 10791 11132 I Alyn_SAMPMOBILE: [2026-08-22 23:27:10.654] [info] Merged script font: CJK probe (/system/fonts/NotoSansCJK-Regular.ttc) at 21.9px
08-22 23:27:10.654 10791 11132 I Alyn_SAMPMOBILE: [2026-08-22 23:27:10.654] [info] Script font candidate missing: CJK probe fallback (/system/fonts/DroidSansFallback.ttf) errno=2
08-22 23:27:10.654 10791 11132 I Alyn_SAMPMOBILE: [2026-08-22 23:27:10.654] [info] Script merge attempt: Symbols probe path=/system/fonts/NotoSansSymbols-Regular-Subsetted.ttf size=21.9px scale=1.00 rasterDensity=1.00 file=708968 bytes glyphRangeCodepoints=18 heavy=0 fontsBefore=3 sourcesBefore=23
08-22 23:27:10.657 10791 11132 I Alyn_SAMPMOBILE: [2026-08-22 23:27:10.657] [info] Merged script font: Symbols probe (/system/fonts/NotoSansSymbols-Regular-Subsetted.ttf) at 21.9px
08-22 23:27:10.658 10791 11132 I Alyn_SAMPMOBILE: [2026-08-22 23:27:10.658] [info] Script merge attempt: Symbols2 probe path=/system/fonts/NotoSansSymbols-Regular-Subsetted2.ttf size=21.9px scale=1.00 rasterDensity=1.00 file=32996 bytes glyphRangeCodepoints=18 heavy=0 fontsBefore=3 sourcesBefore=24
08-22 23:27:10.658 10791 11132 I Alyn_SAMPMOBILE: [2026-08-22 23:27:10.658] [info] Merged script font: Symbols2 probe (/system/fonts/NotoSansSymbols-Regular-Subsetted2.ttf) at 21.9px
08-22 23:27:10.658 10791 11132 I Alyn_SAMPMOBILE: [2026-08-22 23:27:10.658] [info] Skipping heavy script font on tight atlas: CJK (Chinese/Japanese) (/system/fonts/NotoSansCJK-Regular.ttc)
08-22 23:27:10.658 10791 11132 I Alyn_SAMPMOBILE: [2026-08-22 23:27:10.658] [info] Skipping heavy script font on tight atlas: CJK (DroidSans fallback) (/system/fonts/DroidSansFallback.ttf)
08-22 23:27:10.658 10791 11132 I Alyn_SAMPMOBILE: [2026-08-22 23:27:10.658] [info] Skipping heavy script font on tight atlas: Symbols (/system/fonts/NotoSansSymbols-Regular-Subsetted.ttf)
08-22 23:27:10.658 10791 11132 I Alyn_SAMPMOBILE: [2026-08-22 23:27:10.658] [info] Script font merge summary: merged=21 missing=12 skippedHeavy=3 failed=0 fontsAfter=3 sourcesAfter=25
08-22 23:27:10.658 10791 11132 I Alyn_SAMPMOBILE: [2026-08-22 23:27:10.658] [info] Font atlas diag [after-script-merge]: fonts=3 sources=25 texList=1 built=0 locked=0 rendererHasTextures=0 flags=0x0 min=512x128 max=2048x2048 desiredFormat=0 texId=0x0 texUnique=1 status=2(WantCreate) fmt=0 512x128 bpp=4 pixels=0xB40000713B7E3BC0 bytes=262144 updates=0 used=(0,0 0x0) update=(65535,65535 0x0) useColors=0 uvScale=(0.001953,0.007812) white=(0.069336,0.003906)
08-22 23:27:10.658 10791 11132 I Alyn_SAMPMOBILE: [2026-08-22 23:27:10.658] [info] Font diag [after-script-merge:body]: font=0xB4000074AD426020 debug=arial_bold.ttf legacy=21.9px flags=0x0 sources=23 fallback=U+3F requested=21.9px baked=not-inspected
08-22 23:27:10.658 10791 11132 I Alyn_SAMPMOBILE: [2026-08-22 23:27:10.658] [info] Emoji font candidate: path=/system/fonts/NotoColorEmoji.ttf exists=1 file=2961984 bytes tight=1
08-22 23:27:10.659 10791 11132 I Alyn_SAMPMOBILE: [2026-08-22 23:27:10.659] [info] Emoji font strike probe: exists=1 hasUsableBitmapStrike=0
08-22 23:27:10.660 10791 11132 W Alyn_SAMPMOBILE: [2026-08-22 23:27:10.660] [warning] NotoColorEmoji has no usable bitmap strikes (num_fixed_sizes==0); skipping emoji merge to prevent atlas overflow on this ROM (would render emojis as 58px outline glyphs -> atlas > 2048x2048 -> _rwOpenGLRasterSetImage SIGSEGV; see BUGS/1/).
08-22 23:27:10.660 10791 11132 I Alyn_SAMPMOBILE: [2026-08-22 23:27:10.660] [info] Font atlas diag [before-build]: fonts=3 sources=25 texList=1 built=0 locked=0 rendererHasTextures=0 flags=0x0 min=512x128 max=2048x2048 desiredFormat=0 texId=0x0 texUnique=1 status=2(WantCreate) fmt=0 512x128 bpp=4 pixels=0xB40000713B7E3BC0 bytes=262144 updates=0 used=(0,0 0x0) update=(65535,65535 0x0) useColors=0 uvScale=(0.001953,0.007812) white=(0.069336,0.003906)
08-22 23:27:10.660 10791 11132 I Alyn_SAMPMOBILE: [2026-08-22 23:27:10.660] [info] Font diag [before-build:body]: font=0xB4000074AD426020 debug=arial_bold.ttf legacy=21.9px flags=0x0 sources=23 fallback=U+3F requested=21.9px baked=not-inspected
08-22 23:27:10.795 10791 11132 I Alyn_SAMPMOBILE: [2026-08-22 23:27:10.795] [info] ImFontAtlas::Build result: ok=1
08-22 23:27:10.795 10791 11132 I Alyn_SAMPMOBILE: [2026-08-22 23:27:10.795] [info] Font atlas diag [after-build]: fonts=3 sources=25 texList=6 built=1 locked=0 rendererHasTextures=0 flags=0x0 min=512x128 max=2048x2048 desiredFormat=0 texId=0x0 texUnique=6 status=2(WantCreate) fmt=0 1024x2048 bpp=4 pixels=0xB400007117415600 bytes=8388608 updates=0 used=(0,0 1023x1145) update=(0,999 1023x146) useColors=0 uvScale=(0.000977,0.000488) white=(0.034668,0.000244)
08-22 23:27:10.795 10791 11132 I Alyn_SAMPMOBILE: [2026-08-22 23:27:10.795] [info] Font diag [after-build:body]: font=0xB4000074AD426020 debug=arial_bold.ttf legacy=21.9px flags=0x0 sources=23 fallback=U+3F baked=0xB40000713B89C000 bakedSize=22.0px density=1.00 glyphs=5967 lookup=65534 advances=65534 fallbackIdx=2 ascent=18.0 descent=-5.0 surface=876210 hasA=1 has0=1 hasQuestion=1 hasReplacement=1
08-22 23:27:10.795 10791 11132 I Alyn_SAMPMOBILE: [2026-08-22 23:27:10.795] [info] Font diag [after-build:weapon]: font=0xB4000074AD426090 debug=gtaweap3.ttf legacy=21.9px flags=0x0 sources=1 fallback=U+3F baked=0xB40000713B89C068 bakedSize=22.0px density=1.00 glyphs=55 lookup=61696 advances=61696 fallbackIdx=2 ascent=23.0 descent=0.0 surface=15072 hasA=1 has0=1 hasQuestion=1 hasReplacement=0
08-22 23:27:10.795 10791 11132 I Alyn_SAMPMOBILE: [2026-08-22 23:27:10.795] [info] Font diag [after-build:sampaux]: font=0xB4000074AD426100 debug=sampaux3.ttf legacy=21.9px flags=0x0 sources=1 fallback=U+20 baked=0xB40000713B89C0D0 bakedSize=22.0px density=1.00 glyphs=20 lookup=61696 advances=61696 fallbackIdx=0 ascent=26.0 descent=3.0 surface=5854 hasA=1 has0=1 hasQuestion=0 hasReplacement=0
08-22 23:27:10.795 10791 11132 I Alyn_SAMPMOBILE: [2026-08-22 23:27:10.795] [info] Glyph probe OK: U+F3 (Polish o acute) colored=0
08-22 23:27:10.795 10791 11132 I Alyn_SAMPMOBILE: [2026-08-22 23:27:10.795] [info] Glyph probe OK: U+105 (Polish a ogonek) colored=0
08-22 23:27:10.795 10791 11132 I Alyn_SAMPMOBILE: [2026-08-22 23:27:10.795] [info] Glyph probe OK: U+17C (Polish z dot) colored=0
08-22 23:27:10.795 10791 11132 I Alyn_SAMPMOBILE: [2026-08-22 23:27:10.795] [info] Glyph probe OK: U+404 (Ukrainian uppercase Ye) colored=0
08-22 23:27:10.795 10791 11132 I Alyn_SAMPMOBILE: [2026-08-22 23:27:10.795] [info] Glyph probe OK: U+454 (Ukrainian lowercase ye) colored=0
08-22 23:27:10.795 10791 11132 I Alyn_SAMPMOBILE: [2026-08-22 23:27:10.795] [info] Glyph probe OK: U+406 (Ukrainian uppercase I) colored=0
08-22 23:27:10.795 10791 11132 I Alyn_SAMPMOBILE: [2026-08-22 23:27:10.795] [info] Glyph probe OK: U+456 (Ukrainian lowercase i) colored=0
08-22 23:27:10.795 10791 11132 I Alyn_SAMPMOBILE: [2026-08-22 23:27:10.795] [info] Glyph probe OK: U+407 (Ukrainian uppercase Yi) colored=0
08-22 23:27:10.795 10791 11132 I Alyn_SAMPMOBILE: [2026-08-22 23:27:10.795] [info] Glyph probe OK: U+457 (Ukrainian lowercase yi) colored=0
08-22 23:27:10.795 10791 11132 I Alyn_SAMPMOBILE: [2026-08-22 23:27:10.795] [info] Glyph probe OK: U+490 (Ukrainian uppercase Ghe) colored=0
08-22 23:27:10.795 10791 11132 I Alyn_SAMPMOBILE: [2026-08-22 23:27:10.795] [info] Glyph probe OK: U+491 (Ukrainian lowercase ghe) colored=0
08-22 23:27:10.795 10791 11132 I Alyn_SAMPMOBILE: [2026-08-22 23:27:10.795] [info] Glyph probe OK: U+E01 (Thai ก) colored=0
08-22 23:27:10.795 10791 11132 I Alyn_SAMPMOBILE: [2026-08-22 23:27:10.795] [info] Glyph probe OK: U+10D2 (Georgian gani) colored=0
08-22 23:27:10.795 10791 11132 I Alyn_SAMPMOBILE: [2026-08-22 23:27:10.795] [info] Glyph probe OK: U+532 (Armenian ben) colored=0
08-22 23:27:10.795 10791 11132 I Alyn_SAMPMOBILE: [2026-08-22 23:27:10.795] [info] Glyph probe OK: U+1230 (Ethiopic he) colored=0
08-22 23:27:10.796 10791 11132 I Alyn_SAMPMOBILE: [2026-08-22 23:27:10.796] [info] Glyph probe OK: U+6D4B (Chinese 测) colored=0
08-22 23:27:10.796 10791 11132 I Alyn_SAMPMOBILE: [2026-08-22 23:27:10.796] [info] Glyph probe OK: U+7B80 (Simplified Chinese jian) colored=0
08-22 23:27:10.796 10791 11132 I Alyn_SAMPMOBILE: [2026-08-22 23:27:10.796] [info] Glyph probe OK: U+4F53 (Simplified Chinese ti) colored=0
08-22 23:27:10.796 10791 11132 I Alyn_SAMPMOBILE: [2026-08-22 23:27:10.796] [info] Glyph probe OK: U+4F86 (Traditional Chinese lai) colored=0
08-22 23:27:10.796 10791 11132 I Alyn_SAMPMOBILE: [2026-08-22 23:27:10.796] [info] Glyph probe OK: U+6E2C (Traditional Chinese ce) colored=0
08-22 23:27:10.796 10791 11132 I Alyn_SAMPMOBILE: [2026-08-22 23:27:10.796] [info] Glyph probe OK: U+8A66 (Traditional Chinese shi) colored=0
08-22 23:27:10.796 10791 11132 I Alyn_SAMPMOBILE: [2026-08-22 23:27:10.796] [info] Glyph probe OK: U+3042 (Japanese あ) colored=0
08-22 23:27:10.796 10791 11132 I Alyn_SAMPMOBILE: [2026-08-22 23:27:10.796] [info] Glyph probe OK: U+65E5 (Japanese day) colored=0
08-22 23:27:10.796 10791 11132 I Alyn_SAMPMOBILE: [2026-08-22 23:27:10.796] [info] Glyph probe OK: U+672C (Japanese book) colored=0
08-22 23:27:10.796 10791 11132 I Alyn_SAMPMOBILE: [2026-08-22 23:27:10.796] [info] Glyph probe OK: U+8A9E (Japanese language) colored=0
08-22 23:27:10.796 10791 11132 I Alyn_SAMPMOBILE: [2026-08-22 23:27:10.796] [info] Glyph probe OK: U+C548 (Korean an) colored=0
08-22 23:27:10.796 10791 11132 I Alyn_SAMPMOBILE: [2026-08-22 23:27:10.796] [info] Glyph probe OK: U+D55C (Korean han) colored=0
08-22 23:27:10.796 10791 11132 I Alyn_SAMPMOBILE: [2026-08-22 23:27:10.796] [info] Glyph probe OK: U+AD6D (Korean guk) colored=0
08-22 23:27:10.796 10791 11132 I Alyn_SAMPMOBILE: [2026-08-22 23:27:10.796] [info] Glyph probe OK: U+C5B4 (Korean eo) colored=0
08-22 23:27:10.796 10791 11132 I Alyn_SAMPMOBILE: [2026-08-22 23:27:10.796] [info] Glyph probe OK: U+ACC4 (Korean gye) colored=0
08-22 23:27:10.796 10791 11132 I Alyn_SAMPMOBILE: [2026-08-22 23:27:10.796] [info] Glyph probe OK: U+1B9E (Sundanese sa) colored=0
08-22 23:27:10.796 10791 11132 I Alyn_SAMPMOBILE: [2026-08-22 23:27:10.796] [info] Glyph probe OK: U+2764 (Symbol heart) colored=0
08-22 23:27:10.796 10791 11132 I Alyn_SAMPMOBILE: [2026-08-22 23:27:10.796] [info] Glyph probe OK: U+2713 (Symbol check) colored=0
08-22 23:27:10.796 10791 11132 I Alyn_SAMPMOBILE: [2026-08-22 23:27:10.796] [info] Glyph probe OK: U+25A3 (Symbol boxed) colored=0
08-22 23:27:10.796 10791 11132 I Alyn_SAMPMOBILE: [2026-08-22 23:27:10.796] [info] Glyph probe OK: U+20AC (Symbol euro) colored=0
08-22 23:27:10.796 10791 11132 W Alyn_SAMPMOBILE: [2026-08-22 23:27:10.796] [warning] Glyph probe MISS: U+1F600 (Emoji 😀) not in atlas
08-22 23:27:10.796 10791 11132 W Alyn_SAMPMOBILE: [2026-08-22 23:27:10.796] [warning] Glyph probe MISS: U+1F595 (Emoji 🖕) not in atlas
08-22 23:27:10.796 10791 11132 I Alyn_SAMPMOBILE: [2026-08-22 23:27:10.796] [info] Font atlas diag [before-raster-bind]: fonts=3 sources=25 texList=6 built=0 locked=0 rendererHasTextures=0 flags=0x0 min=512x128 max=2048x2048 desiredFormat=0 texId=0x0 texUnique=6 status=2(WantCreate) fmt=0 1024x2048 bpp=4 pixels=0xB400007117415600 bytes=8388608 updates=0 used=(0,0 1023x1150) update=(0,999 1023x151) useColors=0 uvScale=(0.000977,0.000488) white=(0.034668,0.000244)
08-22 23:27:10.796 10791 11132 I Alyn_SAMPMOBILE: [2026-08-22 23:27:10.796] [info] ImGuiWrapper::createFontTexture
08-22 23:27:10.796 10791 11132 I Alyn_SAMPMOBILE: [2026-08-22 23:27:10.796] [info] Font atlas diag [createTexture-before-getTexData]: fonts=3 sources=25 texList=6 built=0 locked=0 rendererHasTextures=0 flags=0x0 min=512x128 max=2048x2048 desiredFormat=0 texId=0x0 texUnique=6 status=2(WantCreate) fmt=0 1024x2048 bpp=4 pixels=0xB400007117415600 bytes=8388608 updates=0 used=(0,0 1023x1150) update=(0,999 1023x151) useColors=0 uvScale=(0.000977,0.000488) white=(0.034668,0.000244)
08-22 23:27:10.796 10791 11132 I Alyn_SAMPMOBILE: [2026-08-22 23:27:10.796] [info] Font atlas diag [createTexture-after-getTexData]: fonts=3 sources=25 texList=6 built=1 locked=0 rendererHasTextures=0 flags=0x0 min=512x128 max=2048x2048 desiredFormat=0 texId=0x0 texUnique=6 status=2(WantCreate) fmt=0 1024x2048 bpp=4 pixels=0xB400007117415600 bytes=8388608 updates=0 used=(0,0 1023x1150) update=(0,999 1023x151) useColors=0 uvScale=(0.000977,0.000488) white=(0.034668,0.000244)
08-22 23:27:10.796 10791 11132 I Alyn_SAMPMOBILE: [2026-08-22 23:27:10.796] [info] Atlas built: 1024x2048 (32 bpp, 8 MB)
08-22 23:27:10.796 10791 11132 I Alyn_SAMPMOBILE: [2026-08-22 23:27:10.796] [info] Font image allocated: image=0xB40000734DEDA020 1024x2048 depth=32 stride=4096 pixels=0xB40000710270BF40
08-22 23:27:10.796 10791 11132 I Alyn_SAMPMOBILE: [2026-08-22 23:27:10.796] [info] Font image copy: srcStride=4096 dstStride=4096 copyStride=4096 rows=2048
08-22 23:27:10.801 10791 11132 I Alyn_SAMPMOBILE: [2026-08-22 23:27:10.801] [info] Font raster created: raster=0xB40000734DB11E50 requested=1024x2048
08-22 23:27:10.814 10791 11132 I Alyn_SAMPMOBILE: [2026-08-22 23:27:10.814] [info] RwRasterSetFromImage OK: input=0xB40000734DB11E50 final=0xB40000734DB11E50
08-22 23:27:10.814 10791 11132 I Alyn_SAMPMOBILE: [2026-08-22 23:27:10.814] [info] Font TexData bound to local RenderWare raster: texData=0xB400007359FEAEA0 texId=0xB40000734DB11E50 status=0(OK)
08-22 23:27:10.814 10791 11132 I Alyn_SAMPMOBILE: [2026-08-22 23:27:10.814] [info] Atlas width 1024
08-22 23:27:10.814 10791 11132 I Alyn_SAMPMOBILE: [2026-08-22 23:27:10.814] [info] Atlas height 2048
08-22 23:27:10.814 10791 11132 I Alyn_SAMPMOBILE: [2026-08-22 23:27:10.814] [info] Font atlas diag [after-raster-bind]: fonts=3 sources=25 texList=6 built=1 locked=0 rendererHasTextures=0 flags=0x0 min=512x128 max=2048x2048 desiredFormat=0 texId=0xB40000734DB11E50 texUnique=6 status=0(OK) fmt=0 1024x2048 bpp=4 pixels=0xB400007117415600 bytes=8388608 updates=0 used=(0,0 1023x1150) update=(0,999 1023x151) useColors=0 uvScale=(0.000977,0.000488) white=(0.034668,0.000244)
08-22 23:27:10.814 10791 11132 I Alyn_SAMPMOBILE: [2026-08-22 23:27:10.814] [info] Locked ImGui font baked size: body @ 21.9375px
08-22 23:27:10.814 10791 11132 I Alyn_SAMPMOBILE: [2026-08-22 23:27:10.814] [info] Locked ImGui font baked size: weapon @ 21.9375px
08-22 23:27:10.814 10791 11132 I Alyn_SAMPMOBILE: [2026-08-22 23:27:10.814] [info] Locked ImGui font baked size: sampaux @ 21.9375px
08-22 23:27:10.814 10791 11132 I Alyn_SAMPMOBILE: [2026-08-22 23:27:10.814] [info] Font diag [after-lock:body]: font=0xB4000074AD426020 debug=arial_bold.ttf legacy=21.9px flags=0x8 sources=23 fallback=U+3F baked=0xB40000713B89C000 bakedSize=22.0px density=1.00 glyphs=5968 lookup=65534 advances=65534 fallbackIdx=2 ascent=18.0 descent=-5.0 surface=876903 hasA=1 has0=1 hasQuestion=1 hasReplacement=1
08-22 23:27:10.814 10791 11132 I Alyn_SAMPMOBILE: [2026-08-22 23:27:10.814] [info] Font diag [after-lock:weapon]: font=0xB4000074AD426090 debug=gtaweap3.ttf legacy=21.9px flags=0x8 sources=1 fallback=U+3F baked=0xB40000713B89C068 bakedSize=22.0px density=1.00 glyphs=55 lookup=61696 advances=61696 fallbackIdx=2 ascent=23.0 descent=0.0 surface=15072 hasA=1 has0=1 hasQuestion=1 hasReplacement=0
08-22 23:27:10.814 10791 11132 I Alyn_SAMPMOBILE: [2026-08-22 23:27:10.814] [info] Font diag [after-lock:sampaux]: font=0xB4000074AD426100 debug=sampaux3.ttf legacy=21.9px flags=0x8 sources=1 fallback=U+20 baked=0xB40000713B89C0D0 bakedSize=22.0px density=1.00 glyphs=20 lookup=61696 advances=61696 fallbackIdx=0 ascent=26.0 descent=3.0 surface=5854 hasA=1 has0=1 hasQuestion=0 hasReplacement=0
08-22 23:27:10.815 10791 11132 I Game    : **** getSetting: timestamp (default: false)
08-22 23:27:10.826 10791 11132 I Alyn_SAMPMOBILE: [2026-08-22 23:27:10.826] [info] LoadTextureFromFile: loaded blockpunch.png (512x512 -> 512x512)
08-22 23:27:10.835 10791 11132 I Alyn_SAMPMOBILE: [2026-08-22 23:27:10.835] [info] LoadTextureFromFile: loaded blockpunch_hover.png (512x512 -> 512x512)
08-22 23:27:10.914 10791 10791 I GameStartup: inGameAdsInit begin
08-22 23:27:10.922 10791 10791 I Game    : AppLovin SDK ready for in-game ads
08-22 23:27:10.922 10791 10791 I GameStartup: inGameAdsInit end (8ms)
08-22 23:27:11.016 10791 11132 I Alyn_SAMPMOBILE: [2026-08-22 23:27:11.016] [info] LoadTextureFromFile: loaded alyn_logo.png (1672x941 -> 2048x1024)
08-22 23:27:11.017 10791 11132 I Game    : **** getSetting: chat_font_size (default: 15.0)
08-22 23:27:11.017 10791 11132 I Game    : **** getSetting: chat_strings (default: 5)
08-22 23:27:11.017 10791 11132 I Game    : **** getSetting: chat_font_size (default: 15.0)
08-22 23:27:11.017 10791 11132 I Game    : **** getSetting: chat_strings (default: 5)
08-22 23:27:11.017 10791 11132 I Alyn_SAMPMOBILE: [2026-08-22 23:27:11.017] [info] Settings loaded with defaults
08-22 23:27:11.017 10791 11132 W Alyn_SAMPMOBILE: [2026-08-22 23:27:11.017] [warning] Settings file not found, using defaults: /storage/emulated/0/Android/data/ro.alynsampmobile.launcher/files/widget_settings.json
08-22 23:27:11.018 10791 11132 I Game    : **** getSetting: chat_font_size (default: 15.0)
08-22 23:27:11.018 10791 11132 I Game    : **** getSetting: chat_strings (default: 5)
08-22 23:27:11.018 10791 11132 I Alyn_SAMPMOBILE: [2026-08-22 23:27:11.018] [info] Settings loaded with defaults
08-22 23:27:11.018 10791 11132 I Game    : **** getSetting: sensitivity (default: 10.0)
08-22 23:27:11.018 10791 11132 I Game    : **** getSetting: sensitivity_onfoot (default: 10.0)
08-22 23:27:11.018 10791 11132 I Game    : **** getSetting: sensitivity_in_vehicle (default: 10.0)
08-22 23:27:11.018 10791 11132 I Game    : **** getSetting: sensitivity_aim (default: 10.0)
08-22 23:27:11.018 10791 11132 I Game    : **** getSetting: chat_font_size (default: 15.0)
08-22 23:27:11.018 10791 11132 I Game    : **** getSetting: chat_strings (default: 5)
08-22 23:27:11.018 10791 11132 I Game    : **** getSetting: weapon_tags (default: true)
08-22 23:27:11.018 10791 11132 I Game    : **** getSetting: free_cam (default: false)
08-22 23:27:11.018 10791 11132 I Game    : **** getSetting: microphone_toggle (default: false)
08-22 23:27:11.018 10791 11132 I Alyn_SAMPMOBILE: [2026-08-22 23:27:11.018] [info] Settings applied to widgets
08-22 23:27:11.018 10791 11132 I Game    : **** updateSetting: sensitivity = 10.0
08-22 23:27:11.019 10791 11132 I Game    : **** updateSetting: sensitivity_onfoot = 10.0
08-22 23:27:11.019 10791 11132 I Game    : **** updateSetting: sensitivity_in_vehicle = 10.0
08-22 23:27:11.019 10791 11132 I Game    : **** updateSetting: sensitivity_aim = 10.0
08-22 23:27:11.019 10791 11132 I Game    : **** updateSetting: weapon_tags = true
08-22 23:27:11.019 10791 11132 I Game    : **** updateSetting: free_cam = false
08-22 23:27:11.020 10791 11132 I Game    : **** updateSetting: microphone_toggle = false
08-22 23:27:11.020 10791 11132 I Game    : **** updateSetting: chat_font_size = 15.0
08-22 23:27:11.020 10791 11132 I Game    : **** updateSetting: chat_strings = 5
08-22 23:27:11.020 10791 11132 I Alyn_SAMPMOBILE: [2026-08-22 23:27:11.020] [info] Initializing EditObject...
08-22 23:27:11.037 10791 11159 E Alyn_SAMPMOBILE: [2026-08-22 23:27:11.036] [error] OS_FileOpen failed (1): Adjustable.cfg
08-22 23:27:11.083 10791 11159 I Alyn_SAMPMOBILE: [2026-08-22 23:27:11.083] [info] Loading timecyc.dat..
08-22 23:27:11.253 10791 11159 I Alyn_SAMPMOBILE: [2026-08-22 23:27:11.253] [info] CTimer_StartUserPause
08-22 23:27:11.253 10791 11159 I Game    : **** setPauseState: true
08-22 23:27:11.266 10791 11159 E Alyn_SAMPMOBILE: [2026-08-22 23:27:11.266] [error] OS_FileOpen failed (1): ALYNSAMP10.b
08-22 23:27:11.284 10791 11159 W Alyn_SAMPMOBILE: [2026-08-22 23:27:11.284] [warning] renderDrawData skipped invalid draw data: ptr=0xB40000749CF25398 vtx=0 idx=0
08-22 23:27:11.323 10791 11159 I Alyn_SAMPMOBILE: [2026-08-22 23:27:11.323] [info] Game::StartGame
08-22 23:27:11.323 10791 11159 I Alyn_SAMPMOBILE: [2026-08-22 23:27:11.323] [info] CTimer_EndUserPause
08-22 23:27:11.324 10791 11159 I Game    : **** setPauseState: false
08-22 23:27:11.340 10791 11159 I Alyn_SAMPMOBILE: [2026-08-22 23:27:11.340] [info] Text renderer diag [first-drawTextRaw]: font=0xB4000074AD426020 default=0xB4000074AD426020 requestedSize=16.9px legacy=21.9px baked=0xB40000713B89C000 glyphs=5968 lookup=65534 atlas=0xB4000074294B4B00 texData=0xB400007359FEAEA0 texId=0xB40000734DB11E50 texStatus=0 texSize=1024x2048 bpp=4
08-22 23:27:11.340 10791 11159 I Alyn_SAMPMOBILE: [2026-08-22 23:27:11.340] [info] ImGuiWrapper::checkVertexBuffer
08-22 23:27:11.340 10791 11159 I Alyn_SAMPMOBILE: [2026-08-22 23:27:11.340] [info] Vertex buffer reallocated. Size 12012
08-22 23:27:11.340 10791 11159 I Alyn_SAMPMOBILE: [2026-08-22 23:27:11.340] [info] renderDrawData first valid frame: cmdLists=1 totalVtx=2012 totalIdx=3174 fb=1732x810 fontRaster=0xB40000734DB11E50 fontTexData=0xB400007359FEAEA0 fontTexId=0xB40000734DB11E50
08-22 23:27:11.340 10791 11159 I Alyn_SAMPMOBILE: [2026-08-22 23:27:11.340] [info] renderDrawData first texture bind: tex=0xB40000734DB11E50 list=0 cmd=0 elem=6 clip=(0.0,0.0,1732.0,810.0)
08-22 23:27:11.350 10791 11159 I Alyn_SAMPMOBILE: [2026-08-22 23:27:11.350] [info] Initializing CPools...
08-22 23:27:11.352 10791 11159 E Alyn_SAMPMOBILE: [2026-08-22 23:27:11.352] [error] OS_FileOpen failed (1): gta3.ini
08-22 23:27:11.353 10791 11159 I Alyn_SAMPMOBILE: [2026-08-22 23:27:11.353] [info] [SafeDxtDecode] 32-bit decoder active (first call: fmt=0x83F3 32x512)
08-22 23:27:13.228 10791 11159 I Alyn_SAMPMOBILE: [2026-08-22 23:27:13.228] [info] Initializing image list...
08-22 23:27:13.337 10791 11159 E Alyn_SAMPMOBILE: [2026-08-22 23:27:13.337] [error] OS_FileOpen failed (1): CINFO.BIN
08-22 23:27:13.371 10791 11159 I Alyn_SAMPMOBILE: [2026-08-22 23:27:13.371] [info] Loading peds.ide..
08-22 23:27:13.406 10791 11159 I Alyn_SAMPMOBILE: [2026-08-22 23:27:13.406] [info] Loading gta.dat..
08-22 23:27:13.407 10791 11159 I Alyn_SAMPMOBILE: [2026-08-22 23:27:13.407] [info] Loading scriptV1.img..
08-22 23:27:13.422 10791 11159 W Alyn_SAMPMOBILE: [2026-08-22 23:27:13.422] [warning] OS_FileOpen retry (case-insensitive): TEXDB/CUTSCENE.IMG
08-22 23:27:13.422 10791 11159 E Alyn_SAMPMOBILE: [2026-08-22 23:27:13.422] [error] OS_FileOpen failed (1): TEXDB\CUTSCENE.IMG
08-22 23:27:15.506 10791 11159 W Alyn_SAMPMOBILE: [2026-08-22 23:27:15.506] [warning] OS_FileOpen retry (case-insensitive): MODELS/MINFO.BIN
08-22 23:27:15.507 10791 11159 E Alyn_SAMPMOBILE: [2026-08-22 23:27:15.507] [error] OS_FileOpen failed (1): MODELS\MINFO.BIN
08-22 23:27:15.940 10791 11159 I Alyn_SAMPMOBILE: [2026-08-22 23:27:15.940] [info] Loading scriptV1.img..
08-22 23:27:15.957 10791 11159 W Alyn_SAMPMOBILE: [2026-08-22 23:27:15.957] [warning] OS_FileOpen retry (case-insensitive): TEXDB/CUTSCENE.IMG
08-22 23:27:15.958 10791 11159 E Alyn_SAMPMOBILE: [2026-08-22 23:27:15.958] [error] OS_FileOpen failed (1): TEXDB\CUTSCENE.IMG
08-22 23:27:17.954 10791 11159 I Alyn_SAMPMOBILE: [2026-08-22 23:27:17.953] [info] Loading tracks2.dat...
08-22 23:27:17.955 10791 11159 I Alyn_SAMPMOBILE: [2026-08-22 23:27:17.955] [info] Loading tracks4.dat...
08-22 23:27:18.049 10791 11159 I Alyn_SAMPMOBILE: [2026-08-22 23:27:18.049] [info] CVehicleStructure pool: 0xb40000713f44fb60 size=50 free=50
08-22 23:27:18.349 10791 11159 I Alyn_SAMPMOBILE: [2026-08-22 23:27:18.349] [info] Loading mainV1.scm..
08-22 23:27:18.570 10791 11159 I Alyn_SAMPMOBILE: [2026-08-22 23:27:18.570] [info] Loading mainV1.scm..
08-22 23:27:19.001 10791 11159 I Alyn_SAMPMOBILE: [2026-08-22 23:27:19.001] [info] Loading mainV1.scm..
08-22 23:27:19.002 10791 11159 I Alyn_SAMPMOBILE: [2026-08-22 23:27:19.002] [info] Memory::saveBytesToMap addr: 0x710f2cea38 bytes: 68 ca 06 bd 
08-22 23:27:19.672 10791 11159 I Alyn_SAMPMOBILE: [2026-08-22 23:27:19.672] [info] Initializing game...
08-22 23:27:19.672 10791 11159 I Alyn_SAMPMOBILE: [2026-08-22 23:27:19.672] [info] Loading AFK icon..
08-22 23:27:19.672 10791 11159 I Alyn_SAMPMOBILE: [2026-08-22 23:27:19.672] [info] Post applying patches...
08-22 23:27:19.672 10791 11159 I Alyn_SAMPMOBILE: [2026-08-22 23:27:19.672] [info] Memory::saveBytesToMap addr: 0x710f173a40 bytes: 08 3c 00 12 
08-22 23:27:19.672 10791 11159 I Alyn_SAMPMOBILE: [2026-08-22 23:27:19.672] [info] Game::Initialize
08-22 23:27:19.672 10791 11159 I Alyn_SAMPMOBILE: [2026-08-22 23:27:19.672] [info] Initiating scripting...
08-22 23:27:19.672 10791 11159 I Alyn_SAMPMOBILE: [2026-08-22 23:27:19.672] [info] AudioStream::Initialize()
08-22 23:27:19.672 10791 11159 I Alyn_SAMPMOBILE: [2026-08-22 23:27:19.672] [info] AudioStream: BASS not initialized, initializing...
08-22 23:27:19.725 10791 11159 I Alyn_SAMPMOBILE: [2026-08-22 23:27:19.725] [info] Initializing client commands..
08-22 23:27:19.725 10791 11159 I Alyn_SAMPMOBILE: [2026-08-22 23:27:19.725] [info] Chat: registered '/q' (stored as '/q')
08-22 23:27:19.725 10791 11159 I Alyn_SAMPMOBILE: [2026-08-22 23:27:19.725] [info] Chat: registered '/quit' (stored as '/quit')
08-22 23:27:19.725 10791 11159 I Alyn_SAMPMOBILE: [2026-08-22 23:27:19.725] [info] Chat: registered '/save' (stored as '/save')
08-22 23:27:19.725 10791 11159 I Alyn_SAMPMOBILE: [2026-08-22 23:27:19.725] [info] Chat: registered '/interior' (stored as '/interior')
08-22 23:27:19.725 10791 11159 I Alyn_SAMPMOBILE: [2026-08-22 23:27:19.725] [info] Chat: registered '/dl' (stored as '/dl')
08-22 23:27:19.725 10791 11159 I Alyn_SAMPMOBILE: [2026-08-22 23:27:19.725] [info] Chat: registered '/fpslimit' (stored as '/fpslimit')
08-22 23:27:19.725 10791 11159 I Alyn_SAMPMOBILE: [2026-08-22 23:27:19.725] [info] Chat: registered '/screenshot' (stored as '/screenshot')
08-22 23:27:19.725 10791 11159 I Alyn_SAMPMOBILE: [2026-08-22 23:27:19.725] [info] Chat: registered '/ss' (stored as '/ss')
08-22 23:27:19.725 10791 11159 I Alyn_SAMPMOBILE: [2026-08-22 23:27:19.725] [info] Chat: registered '/clientcmds' (stored as '/clientcmds')
08-22 23:27:19.725 10791 11159 I Alyn_SAMPMOBILE: [2026-08-22 23:27:19.725] [info] Chat: registered '/rcon' (stored as '/rcon')
08-22 23:27:19.725 10791 11159 I Alyn_SAMPMOBILE: [2026-08-22 23:27:19.725] [info] Chat: registered '/dw' (stored as '/dw')
08-22 23:27:19.725 10791 11159 I Alyn_SAMPMOBILE: [2026-08-22 23:27:19.725] [info] Chat: registered '/clearmychat' (stored as '/clearmychat')
08-22 23:27:19.725 10791 11159 I Alyn_SAMPMOBILE: [2026-08-22 23:27:19.725] [info] Chat: registered '/timestamp' (stored as '/timestamp')
08-22 23:27:19.725 10791 11159 I Alyn_SAMPMOBILE: [2026-08-22 23:27:19.725] [info] Chat: registered '/fontsize' (stored as '/fontsize')
08-22 23:27:19.725 10791 11159 I Alyn_SAMPMOBILE: [2026-08-22 23:27:19.725] [info] Chat: registered '/pagesize' (stored as '/pagesize')
08-22 23:27:19.725 10791 11159 I Alyn_SAMPMOBILE: [2026-08-22 23:27:19.725] [info] Chat: registered '/headmove' (stored as '/headmove')
08-22 23:27:19.725 10791 11159 I Alyn_SAMPMOBILE: [2026-08-22 23:27:19.725] [info] Chat: registered '/radartouch' (stored as '/radartouch')
08-22 23:27:19.725 10791 11159 I Alyn_SAMPMOBILE: [2026-08-22 23:27:19.725] [info] Initializing netgame...
08-22 23:27:19.726 10791 11159 I Game    : **** getSetting: server_ip (default: 127.0.0.1)
08-22 23:27:19.726 10791 11159 I Game    : **** getSetting: server_port (default: 7777)
08-22 23:27:19.726 10791 11159 I Game    : **** getSetting: nick_name (default: Player)
08-22 23:27:19.726 10791 11159 I Game    : **** getSetting: server_password (default: )
08-22 23:27:19.726 10791 11159 I Alyn_SAMPMOBILE: [2026-08-22 23:27:19.726] [info] NetGame initializing..
08-22 23:27:19.732 10791 11159 I Alyn_SAMPMOBILE: [2026-08-22 23:27:19.732] [info] Registering RPC's..
08-22 23:27:19.732 10791 11159 I Alyn_SAMPMOBILE: [2026-08-22 23:27:19.732] [info] Registering script RPC's..
08-22 23:27:19.733 10791 11159 I Game    : **** getSetting: head_move (default: true)
08-22 23:27:19.733 10791 11159 I Game    : **** getSetting: monet_mods (default: false)
08-22 23:27:19.733 10791 11159 I Game    : **** getSetting: cleo_mods (default: false)
08-22 23:27:19.734 10791 11159 I Game    : **** getSetting: aml_mods (default: false)
08-22 23:27:20.104 10791 11204 I Alyn_SAMPMOBILE: [2026-08-22 23:27:20.104] [info] ServiceStatus: verified, service is open
08-22 23:27:26.414 10791 11132 I Game    : **** getSetting: system_keyboard (default: false)
08-22 23:27:39.106 10791 10791 I Game    : **** onPause
